999
Created with Floor Plan Creator on Android
0
SECTION
2
HEADER
9
$ACADVER
1
AC1021
9
$HANDSEED
5
20000
9
$DWGCODEPAGE
3
ANSI_1250
9
$INSBASE
10
0
20
0
30
0
9
$EXTMIN
10
0
20
0
30
0
9
$EXTMAX
10
1411.9269
20
1530.4838
30
0
9
$LIMMIN
10
0
20
0
9
$LIMMAX
10
420
20
297
9
$ORTHOMODE
70
0
9
$LTSCALE
40
1
9
$TEXTSTYLE
7
STANDARD
9
$CLAYER
8
symbols
9
$DIMASZ
40
2.5
9
$DIMLFAC
40
1
9
$DIMSCALE
40
1
9
$DIMEXO
40
0.625
9
$DIMEXE
40
1.25
9
$DIMTXT
40
2.5
9
$DIMTSZ
40
0
9
$DIMAUNIT
70
0
9
$DIMADEC
70
0
9
$DIMLUNIT
70
2
9
$DIMSTYLE
2
STANDARD
9
$DIMGAP
40
1
9
$DIMTIH
70
0
9
$LUNITS
70
2
9
$LUPREC
70
4
9
$AUNITS
70
0
9
$AUPREC
70
2
9
$SPLINESEGS
70
8
9
$GRIDMODE
70
1
9
$SNAPSTYLE
70
0
9
$PINSBASE
10
0
20
0
30
0
9
$PLIMMIN
10
0
20
0
9
$PLIMMAX
10
210
20
297
9
$INSUNITS
70
5
9
$MEASUREMENT
70
0
9
$PSVPSCALE
40
1
0
ENDSEC
0
SECTION
2
CLASSES
0
ENDSEC
0
SECTION
2
TABLES
0
TABLE
2
VPORT
5
8
330
0
100
AcDbSymbolTable
70
1
0
VPORT
5
31
330
2
100
AcDbSymbolTableRecord
100
AcDbViewportTableRecord
2
*ACTIVE
70
0
10
0
20
0
11
1
21
1
12
160.46875
22
81.40625
13
0
23
0
14
10
24
10
15
10
25
10
16
0
26
0
36
1
17
0
27
0
37
0
40
190
41
1.95394736842
42
50
43
0
44
0
50
0
51
0
71
0
72
100
73
1
74
3
75
0
76
1
77
0
78
0
281
0
65
1
110
0
120
0
130
0
111
1
121
0
131
0
112
0
122
1
132
0
79
0
146
0
348
10020
60
7
61
5
292
1
282
1
141
0
142
0
63
250
421
3358443
0
ENDTAB
0
TABLE
2
LTYPE
5
5
330
0
100
AcDbSymbolTable
70
4
0
LTYPE
5
14
330
5
100
AcDbSymbolTableRecord
100
AcDbLinetypeTableRecord
2
ByBlock
70
0
3

72
65
73
0
40
0
0
LTYPE
5
15
330
5
100
AcDbSymbolTableRecord
100
AcDbLinetypeTableRecord
2
ByLayer
70
0
3

72
65
73
0
40
0
0
LTYPE
5
16
330
5
100
AcDbSymbolTableRecord
100
AcDbLinetypeTableRecord
2
Continuous
70
0
3
Solid line
72
65
73
0
40
0
0
LTYPE
5
32
330
5
100
AcDbSymbolTableRecord
100
AcDbLinetypeTableRecord
2
DOT
70
0
3
Dot . . . . . . . . . . . . . . . . . . . . . .
72
65
73
2
40
6.35
49
0
74
0
49
-6.35
74
0
0
LTYPE
5
33
330
5
100
AcDbSymbolTableRecord
100
AcDbLinetypeTableRecord
2
DOT2
70
0
3
Dot (.5x) .....................................
72
65
73
2
40
3.175
49
0
74
0
49
-3.175
74
0
0
LTYPE
5
34
330
5
100
AcDbSymbolTableRecord
100
AcDbLinetypeTableRecord
2
DOTX2
70
0
3
Dot (2x) .  .  .  .  .  .  .  .  .  .  .  .  .
72
65
73
2
40
12.7
49
0
74
0
49
-12.7
74
0
0
LTYPE
5
35
330
5
100
AcDbSymbolTableRecord
100
AcDbLinetypeTableRecord
2
DASHED
70
0
3
Dot . . . . . . . . . . . . . . . . . . . . . .
72
65
73
2
40
19.05
49
12.7
74
0
49
-6.35
74
0
0
LTYPE
5
36
330
5
100
AcDbSymbolTableRecord
100
AcDbLinetypeTableRecord
2
DASHED2
70
0
3
Dashed (.5x) _ _ _ _ _ _ _ _ _ _ _ _ _ _ _ _ _
72
65
73
2
40
9.525
49
6.35
74
0
49
-3.175
74
0
0
LTYPE
5
37
330
5
100
AcDbSymbolTableRecord
100
AcDbLinetypeTableRecord
2
DASHEDX2
70
0
3
Dashed (2x) ____  ____  ____  ____  ____  ___
72
65
73
2
40
38.1
49
25.4
74
0
49
-12.7
74
0
0
LTYPE
5
38
330
5
100
AcDbSymbolTableRecord
100
AcDbLinetypeTableRecord
2
DASHDOT
70
0
3
Dash dot __ . __ . __ . __ . __ . __ . __ . __
72
65
73
4
40
25.4
49
12.7
74
0
49
-6.35
74
0
49
0
74
0
49
-6.35
74
0
0
LTYPE
5
39
330
5
100
AcDbSymbolTableRecord
100
AcDbLinetypeTableRecord
2
DASHDOT2
70
0
3
Dash dot (.5x) _._._._._._._._._._._._._._._.
72
65
73
4
40
12.7
49
6.35
74
0
49
-3.175
74
0
49
0
74
0
49
-3.175
74
0
0
LTYPE
5
3A
330
5
100
AcDbSymbolTableRecord
100
AcDbLinetypeTableRecord
2
DASHDOTX2
70
0
3
Dash dot (2x) ____  .  ____  .  ____  .  ___
72
65
73
4
40
50.8
49
25.4
74
0
49
-12.7
74
0
49
0
74
0
49
-12.7
74
0
0
LTYPE
5
3B
330
5
100
AcDbSymbolTableRecord
100
AcDbLinetypeTableRecord
2
DIVIDE
70
0
3
Divide ____ . . ____ . . ____ . . ____ . . ____
72
65
73
6
40
31.75
49
12.7
74
0
49
-6.35
74
0
49
0
74
0
49
-6.35
74
0
49
0
74
0
49
-6.35
74
0
0
LTYPE
5
3C
330
5
100
AcDbSymbolTableRecord
100
AcDbLinetypeTableRecord
2
DIVIDE2
70
0
3
Divide (.5x) __..__..__..__..__..__..__..__.._
72
65
73
6
40
15.875
49
6.35
74
0
49
-3.175
74
0
49
0
74
0
49
-3.175
74
0
49
0
74
0
49
-3.175
74
0
0
LTYPE
5
3D
330
5
100
AcDbSymbolTableRecord
100
AcDbLinetypeTableRecord
2
DIVIDEX2
70
0
3
Divide (2x) ________  .  .  ________  .  .  _
72
65
73
6
40
63.5
49
25.4
74
0
49
-12.7
74
0
49
0
74
0
49
-12.7
74
0
49
0
74
0
49
-12.7
74
0
0
LTYPE
5
3E
330
5
100
AcDbSymbolTableRecord
100
AcDbLinetypeTableRecord
2
BORDER
70
0
3
Border __ __ . __ __ . __ __ . __ __ . __ __ .
72
65
73
6
40
44.45
49
12.7
74
0
49
-6.35
74
0
49
12.7
74
0
49
-6.35
74
0
49
0
74
0
49
-6.35
74
0
0
LTYPE
5
3F
330
5
100
AcDbSymbolTableRecord
100
AcDbLinetypeTableRecord
2
BORDER2
70
0
3
Border (.5x) __.__.__.__.__.__.__.__.__.__.__.
72
65
73
6
40
22.225
49
6.35
74
0
49
-3.175
74
0
49
6.35
74
0
49
-3.175
74
0
49
0
74
0
49
-3.175
74
0
0
LTYPE
5
40
330
5
100
AcDbSymbolTableRecord
100
AcDbLinetypeTableRecord
2
BORDERX2
70
0
3
Border (2x) ____  ____  .  ____  ____  .  ___
72
65
73
6
40
88.9
49
25.4
74
0
49
-12.7
74
0
49
25.4
74
0
49
-12.7
74
0
49
0
74
0
49
-12.7
74
0
0
LTYPE
5
41
330
5
100
AcDbSymbolTableRecord
100
AcDbLinetypeTableRecord
2
CENTER
70
0
3
Center ____ _ ____ _ ____ _ ____ _ ____ _ ____
72
65
73
4
40
50.8
49
31.75
74
0
49
-6.35
74
0
49
6.35
74
0
49
-6.35
74
0
0
LTYPE
5
42
330
5
100
AcDbSymbolTableRecord
100
AcDbLinetypeTableRecord
2
CENTER2
70
0
3
Center (.5x) ___ _ ___ _ ___ _ ___ _ ___ _ ___
72
65
73
4
40
28.575
49
19.05
74
0
49
-3.175
74
0
49
3.175
74
0
49
-3.175
74
0
0
LTYPE
5
43
330
5
100
AcDbSymbolTableRecord
100
AcDbLinetypeTableRecord
2
CENTERX2
70
0
3
Center (2x) ________  __  ________  __  _____
72
65
73
4
40
101.6
49
63.5
74
0
49
-12.7
74
0
49
12.7
74
0
49
-12.7
74
0
0
ENDTAB
0
TABLE
2
LAYER
5
2
330
0
100
AcDbSymbolTable
70
1
0
LAYER
5
10
330
2
100
AcDbSymbolTableRecord
100
AcDbLayerTableRecord
2
0
70
0
62
7
6
CONTINUOUS
370
0
390
F
0
LAYER
5
44
330
2
100
AcDbSymbolTableRecord
100
AcDbLayerTableRecord
2
walls
70
0
62
2
6
CONTINUOUS
370
0
390
F
0
LAYER
5
45
330
2
100
AcDbSymbolTableRecord
100
AcDbLayerTableRecord
2
text
70
0
62
7
6
CONTINUOUS
370
0
390
F
0
LAYER
5
46
330
2
100
AcDbSymbolTableRecord
100
AcDbLayerTableRecord
2
symbols
70
0
62
3
6
CONTINUOUS
370
0
390
F
0
LAYER
5
47
330
2
100
AcDbSymbolTableRecord
100
AcDbLayerTableRecord
2
dimensions
70
0
62
7
6
CONTINUOUS
370
0
390
F
0
ENDTAB
0
TABLE
2
STYLE
5
3
330
0
100
AcDbSymbolTable
70
3
0
STYLE
5
48
330
2
100
AcDbSymbolTableRecord
100
AcDbTextStyleTableRecord
2
standard
70
0
40
0
41
1
50
0
71
0
42
1
3
standard
4

0
ENDTAB
0
TABLE
2
VIEW
5
6
330
0
100
AcDbSymbolTable
70
0
0
ENDTAB
0
TABLE
2
UCS
5
7
330
0
100
AcDbSymbolTable
70
0
0
ENDTAB
0
TABLE
2
APPID
5
9
330
0
100
AcDbSymbolTable
70
1
0
APPID
5
12
330
9
100
AcDbSymbolTableRecord
100
AcDbRegAppTableRecord
2
ACAD
70
0
0
ENDTAB
0
TABLE
2
DIMSTYLE
5
A
330
0
100
AcDbSymbolTable
70
1
100
AcDbDimStyleTable
71
1
0
DIMSTYLE
105
49
330
A
100
AcDbSymbolTableRecord
100
AcDbDimStyleTableRecord
2
Standard
70
0
40
1
41
2.5
42
0.625
43
0.38
44
1.25
45
0
46
0
47
0
48
0
140
2.5
141
0.09
142
0
143
25.4
144
1
145
0
146
1
147
0.625
148
0
71
0
72
0
73
0
74
1
75
0
76
0
77
0
78
0
79
0
170
0
171
2
172
0
173
0
174
0
175
0
176
0
177
0
178
0
179
0
271
4
272
4
273
2
274
2
275
0
276
0
277
2
278
46
279
0
280
0
281
0
282
0
283
1
284
0
285
0
286
0
288
0
289
3
340
Standard
341

371
-2
372
-2
0
ENDTAB
0
TABLE
2
BLOCK_RECORD
5
1
330
0
100
AcDbSymbolTable
70
2
0
BLOCK_RECORD
5
1F
330
1
100
AcDbSymbolTableRecord
100
AcDbBlockTableRecord
2
*Model_Space
70
0
280
1
281
0
0
BLOCK_RECORD
5
1E
330
1
100
AcDbSymbolTableRecord
100
AcDbBlockTableRecord
2
*Paper_Space
70
0
280
1
281
0
0
BLOCK_RECORD
5
4A
330
1
100
AcDbSymbolTableRecord
100
AcDbBlockTableRecord
2
*D1
70
0
280
1
281
0
0
BLOCK_RECORD
5
4B
330
1
100
AcDbSymbolTableRecord
100
AcDbBlockTableRecord
2
*D2
70
0
280
1
281
0
0
BLOCK_RECORD
5
4C
330
1
100
AcDbSymbolTableRecord
100
AcDbBlockTableRecord
2
*D3
70
0
280
1
281
0
0
BLOCK_RECORD
5
4D
330
1
100
AcDbSymbolTableRecord
100
AcDbBlockTableRecord
2
*D4
70
0
280
1
281
0
0
BLOCK_RECORD
5
4E
330
1
100
AcDbSymbolTableRecord
100
AcDbBlockTableRecord
2
*D5
70
0
280
1
281
0
0
BLOCK_RECORD
5
4F
330
1
100
AcDbSymbolTableRecord
100
AcDbBlockTableRecord
2
*D6
70
0
280
1
281
0
0
BLOCK_RECORD
5
50
330
1
100
AcDbSymbolTableRecord
100
AcDbBlockTableRecord
2
*D7
70
0
280
1
281
0
0
BLOCK_RECORD
5
51
330
1
100
AcDbSymbolTableRecord
100
AcDbBlockTableRecord
2
*D8
70
0
280
1
281
0
0
BLOCK_RECORD
5
52
330
1
100
AcDbSymbolTableRecord
100
AcDbBlockTableRecord
2
*D9
70
0
280
1
281
0
0
BLOCK_RECORD
5
53
330
1
100
AcDbSymbolTableRecord
100
AcDbBlockTableRecord
2
*D10
70
0
280
1
281
0
0
BLOCK_RECORD
5
54
330
1
100
AcDbSymbolTableRecord
100
AcDbBlockTableRecord
2
*D11
70
0
280
1
281
0
0
BLOCK_RECORD
5
55
330
1
100
AcDbSymbolTableRecord
100
AcDbBlockTableRecord
2
*D12
70
0
280
1
281
0
0
BLOCK_RECORD
5
56
330
1
100
AcDbSymbolTableRecord
100
AcDbBlockTableRecord
2
*D13
70
0
280
1
281
0
0
BLOCK_RECORD
5
57
330
1
100
AcDbSymbolTableRecord
100
AcDbBlockTableRecord
2
*D14
70
0
280
1
281
0
0
BLOCK_RECORD
5
58
330
1
100
AcDbSymbolTableRecord
100
AcDbBlockTableRecord
2
*D15
70
0
280
1
281
0
0
BLOCK_RECORD
5
59
330
1
100
AcDbSymbolTableRecord
100
AcDbBlockTableRecord
2
*D16
70
0
280
1
281
0
0
BLOCK_RECORD
5
5A
330
1
100
AcDbSymbolTableRecord
100
AcDbBlockTableRecord
2
*D17
70
0
280
1
281
0
0
BLOCK_RECORD
5
5B
330
1
100
AcDbSymbolTableRecord
100
AcDbBlockTableRecord
2
*D18
70
0
280
1
281
0
0
BLOCK_RECORD
5
5C
330
1
100
AcDbSymbolTableRecord
100
AcDbBlockTableRecord
2
*D19
70
0
280
1
281
0
0
BLOCK_RECORD
5
5D
330
1
100
AcDbSymbolTableRecord
100
AcDbBlockTableRecord
2
*D20
70
0
280
1
281
0
0
BLOCK_RECORD
5
5E
330
1
100
AcDbSymbolTableRecord
100
AcDbBlockTableRecord
2
*D21
70
0
280
1
281
0
0
BLOCK_RECORD
5
5F
330
1
100
AcDbSymbolTableRecord
100
AcDbBlockTableRecord
2
*D22
70
0
280
1
281
0
0
BLOCK_RECORD
5
60
330
1
100
AcDbSymbolTableRecord
100
AcDbBlockTableRecord
2
*D23
70
0
280
1
281
0
0
BLOCK_RECORD
5
61
330
1
100
AcDbSymbolTableRecord
100
AcDbBlockTableRecord
2
*D24
70
0
280
1
281
0
0
BLOCK_RECORD
5
62
330
1
100
AcDbSymbolTableRecord
100
AcDbBlockTableRecord
2
*D25
70
0
280
1
281
0
0
BLOCK_RECORD
5
63
330
1
100
AcDbSymbolTableRecord
100
AcDbBlockTableRecord
2
*D26
70
0
280
1
281
0
0
BLOCK_RECORD
5
64
330
1
100
AcDbSymbolTableRecord
100
AcDbBlockTableRecord
2
*D27
70
0
280
1
281
0
0
BLOCK_RECORD
5
65
330
1
100
AcDbSymbolTableRecord
100
AcDbBlockTableRecord
2
*D28
70
0
280
1
281
0
0
BLOCK_RECORD
5
66
330
1
100
AcDbSymbolTableRecord
100
AcDbBlockTableRecord
2
*D29
70
0
280
1
281
0
0
BLOCK_RECORD
5
67
330
1
100
AcDbSymbolTableRecord
100
AcDbBlockTableRecord
2
*D30
70
0
280
1
281
0
0
BLOCK_RECORD
5
68
330
1
100
AcDbSymbolTableRecord
100
AcDbBlockTableRecord
2
*D31
70
0
280
1
281
0
0
BLOCK_RECORD
5
69
330
1
100
AcDbSymbolTableRecord
100
AcDbBlockTableRecord
2
*D32
70
0
280
1
281
0
0
BLOCK_RECORD
5
6A
330
1
100
AcDbSymbolTableRecord
100
AcDbBlockTableRecord
2
*D33
70
0
280
1
281
0
0
BLOCK_RECORD
5
6B
330
1
100
AcDbSymbolTableRecord
100
AcDbBlockTableRecord
2
*D34
70
0
280
1
281
0
0
BLOCK_RECORD
5
6C
330
1
100
AcDbSymbolTableRecord
100
AcDbBlockTableRecord
2
*D35
70
0
280
1
281
0
0
BLOCK_RECORD
5
6D
330
1
100
AcDbSymbolTableRecord
100
AcDbBlockTableRecord
2
*D36
70
0
280
1
281
0
0
BLOCK_RECORD
5
6E
330
1
100
AcDbSymbolTableRecord
100
AcDbBlockTableRecord
2
*D37
70
0
280
1
281
0
0
ENDTAB
0
ENDSEC
0
SECTION
2
BLOCKS
0
BLOCK
5
20
330
1F
100
AcDbEntity
8
0
100
AcDbBlockBegin
2
*Model_Space
70
0
10
0
20
0
30
0
3
*Model_Space
1

0
ENDBLK
5
21
330
1F
100
AcDbEntity
8
0
100
AcDbBlockEnd
0
BLOCK
5
1C
330
0
100
AcDbEntity
8
0
100
AcDbBlockBegin
2
*Paper_Space
70
0
10
0
20
0
30
0
3
*Paper_Space
1

0
ENDBLK
5
1D
330
1F
100
AcDbEntity
8
0
100
AcDbBlockEnd
0
BLOCK
5
6F
330
4A
100
AcDbEntity
8
0
100
AcDbBlockBegin
2
*D1
70
1
10
0
20
0
3
*D1
1

0
LINE
5
70
100
AcDbEntity
8
dimensions
6
ByLayer
62
256
370
-1
100
AcDbLine
10
1219.21948
20
288.75065
11
1219.21948
21
348.41476804
0
LINE
5
71
100
AcDbEntity
8
dimensions
6
ByLayer
62
256
370
-1
100
AcDbLine
10
1151.29693
20
296.25065
11
1226.71948
21
296.25065
0
LINE
5
72
100
AcDbEntity
8
dimensions
6
ByLayer
62
256
370
-1
100
AcDbLine
10
1215.46948
20
292.50065
11
1222.96948
21
300.00065
0
LINE
5
73
100
AcDbEntity
8
dimensions
6
ByLayer
62
256
370
-1
100
AcDbLine
10
1151.29693
20
340.91476804
11
1226.71948
21
340.91476804
0
LINE
5
74
100
AcDbEntity
8
dimensions
6
ByLayer
62
256
370
-1
100
AcDbLine
10
1215.46948
20
337.16476804
11
1222.96948
21
344.66476804
0
TEXT
5
75
100
AcDbEntity
8
text
6
ByLayer
62
256
370
-1
100
AcDbText
10
1173.46948
20
311.08270902
30
0
40
15
1
0.45
50
-270
41
0.9
7
standard
72
1
11
1200.46948
21
311.08270902
31
0
100
AcDbText
0
ENDBLK
5
76
330
46
100
AcDbEntity
8
0
100
AcDbBlockEnd
0
BLOCK
5
77
330
4B
100
AcDbEntity
8
0
100
AcDbBlockBegin
2
*D2
70
1
10
0
20
0
3
*D2
1

0
LINE
5
78
100
AcDbEntity
8
dimensions
6
ByLayer
62
256
370
-1
100
AcDbLine
10
1219.21948
20
333.41476804
11
1219.21948
21
348.75065
0
LINE
5
79
100
AcDbEntity
8
dimensions
6
ByLayer
62
256
370
-1
100
AcDbLine
10
1151.29693
20
340.91476804
11
1226.71948
21
340.91476804
0
LINE
5
7A
100
AcDbEntity
8
dimensions
6
ByLayer
62
256
370
-1
100
AcDbLine
10
1215.46948
20
337.16476804
11
1222.96948
21
344.66476804
0
LINE
5
7B
100
AcDbEntity
8
dimensions
6
ByLayer
62
256
370
-1
100
AcDbLine
10
1151.29693
20
341.25065
11
1226.71948
21
341.25065
0
LINE
5
7C
100
AcDbEntity
8
dimensions
6
ByLayer
62
256
370
-1
100
AcDbLine
10
1215.46948
20
337.50065
11
1222.96948
21
345.00065
0
TEXT
5
7D
100
AcDbEntity
8
text
6
ByLayer
62
256
370
-1
100
AcDbText
10
1193.71948
20
333.58270902
30
0
40
15
1
0
50
-270
41
0.9
7
standard
72
1
11
1200.46948
21
333.58270902
31
0
100
AcDbText
0
ENDBLK
5
7E
330
46
100
AcDbEntity
8
0
100
AcDbBlockEnd
0
BLOCK
5
7F
330
4C
100
AcDbEntity
8
0
100
AcDbBlockBegin
2
*D3
70
1
10
0
20
0
3
*D3
1

0
LINE
5
80
100
AcDbEntity
8
dimensions
6
ByLayer
62
256
370
-1
100
AcDbLine
10
1183.94245
20
893.37717
11
1183.94245
21
832.21989
0
LINE
5
81
100
AcDbEntity
8
dimensions
6
ByLayer
62
256
370
-1
100
AcDbLine
10
1151.29693
20
885.87717
11
1191.44245
21
885.87717
0
LINE
5
82
100
AcDbEntity
8
dimensions
6
ByLayer
62
256
370
-1
100
AcDbLine
10
1187.69245
20
889.62717
11
1180.19245
21
882.12717
0
LINE
5
83
100
AcDbEntity
8
dimensions
6
ByLayer
62
256
370
-1
100
AcDbLine
10
1151.29693
20
839.71989
11
1191.44245
21
839.71989
0
LINE
5
84
100
AcDbEntity
8
dimensions
6
ByLayer
62
256
370
-1
100
AcDbLine
10
1187.69245
20
843.46989
11
1180.19245
21
835.96989
0
TEXT
5
85
100
AcDbEntity
8
text
6
ByLayer
62
256
370
-1
100
AcDbText
10
1138.19245
20
855.29853
30
0
40
15
1
0.46
50
-270
41
0.9
7
standard
72
1
11
1165.19245
21
855.29853
31
0
100
AcDbText
0
ENDBLK
5
86
330
46
100
AcDbEntity
8
0
100
AcDbBlockEnd
0
BLOCK
5
87
330
4D
100
AcDbEntity
8
0
100
AcDbBlockBegin
2
*D4
70
1
10
0
20
0
3
*D4
1

0
LINE
5
88
100
AcDbEntity
8
dimensions
6
ByLayer
62
256
370
-1
100
AcDbLine
10
161.28046
20
1404.27384
11
161.28046
21
1108.08442
0
LINE
5
89
100
AcDbEntity
8
dimensions
6
ByLayer
62
256
370
-1
100
AcDbLine
10
181.68258
20
1396.77384
11
153.78046
21
1396.77384
0
LINE
5
8A
100
AcDbEntity
8
dimensions
6
ByLayer
62
256
370
-1
100
AcDbLine
10
165.03046
20
1400.52384
11
157.53046
21
1393.02384
0
LINE
5
8B
100
AcDbEntity
8
dimensions
6
ByLayer
62
256
370
-1
100
AcDbLine
10
181.68258
20
1115.58442
11
153.78046
21
1115.58442
0
LINE
5
8C
100
AcDbEntity
8
dimensions
6
ByLayer
62
256
370
-1
100
AcDbLine
10
165.03046
20
1119.33442
11
157.53046
21
1111.83442
0
TEXT
5
8D
100
AcDbEntity
8
text
6
ByLayer
62
256
370
-1
100
AcDbText
10
115.53046
20
1248.67913
30
0
40
15
1
2.81
50
-270
41
0.9
7
standard
72
1
11
142.53046
21
1248.67913
31
0
100
AcDbText
0
ENDBLK
5
8E
330
46
100
AcDbEntity
8
0
100
AcDbBlockEnd
0
BLOCK
5
8F
330
4E
100
AcDbEntity
8
0
100
AcDbBlockBegin
2
*D5
70
1
10
0
20
0
3
*D5
1

0
LINE
5
90
100
AcDbEntity
8
dimensions
6
ByLayer
62
256
370
-1
100
AcDbLine
10
878.3056
20
846.02265
11
1150.0701
21
846.02265
0
LINE
5
91
100
AcDbEntity
8
dimensions
6
ByLayer
62
256
370
-1
100
AcDbLine
10
885.8056
20
806.02265
11
885.8056
21
853.52265
0
LINE
5
92
100
AcDbEntity
8
dimensions
6
ByLayer
62
256
370
-1
100
AcDbLine
10
882.0556
20
849.77265
11
889.5556
21
842.27265
0
LINE
5
93
100
AcDbEntity
8
dimensions
6
ByLayer
62
256
370
-1
100
AcDbLine
10
1142.5701
20
806.02265
11
1142.5701
21
853.52265
0
LINE
5
94
100
AcDbEntity
8
dimensions
6
ByLayer
62
256
370
-1
100
AcDbLine
10
1138.8201
20
849.77265
11
1146.3201
21
842.27265
0
TEXT
5
95
100
AcDbEntity
8
text
6
ByLayer
62
256
370
-1
100
AcDbText
10
987.18785
20
857.27265
30
0
40
15
1
2.57
50
0
41
0.9
7
standard
72
1
11
1014.18785
21
857.27265
31
0
100
AcDbText
0
ENDBLK
5
96
330
46
100
AcDbEntity
8
0
100
AcDbBlockEnd
0
BLOCK
5
97
330
4F
100
AcDbEntity
8
0
100
AcDbBlockBegin
2
*D6
70
1
10
0
20
0
3
*D6
1

0
LINE
5
98
100
AcDbEntity
8
dimensions
6
ByLayer
62
256
370
-1
100
AcDbLine
10
140.095
20
147.29862
11
534.10475
21
147.29862
0
LINE
5
99
100
AcDbEntity
8
dimensions
6
ByLayer
62
256
370
-1
100
AcDbLine
10
147.595
20
107.29862
11
147.595
21
154.79862
0
LINE
5
9A
100
AcDbEntity
8
dimensions
6
ByLayer
62
256
370
-1
100
AcDbLine
10
143.845
20
151.04862
11
151.345
21
143.54862
0
LINE
5
9B
100
AcDbEntity
8
dimensions
6
ByLayer
62
256
370
-1
100
AcDbLine
10
526.60475
20
107.29862
11
526.60475
21
154.79862
0
LINE
5
9C
100
AcDbEntity
8
dimensions
6
ByLayer
62
256
370
-1
100
AcDbLine
10
522.85475
20
151.04862
11
530.35475
21
143.54862
0
TEXT
5
9D
100
AcDbEntity
8
text
6
ByLayer
62
256
370
-1
100
AcDbText
10
310.099875
20
158.54862
30
0
40
15
1
3.79
50
0
41
0.9
7
standard
72
1
11
337.099875
21
158.54862
31
0
100
AcDbText
0
ENDBLK
5
9E
330
46
100
AcDbEntity
8
0
100
AcDbBlockEnd
0
BLOCK
5
9F
330
50
100
AcDbEntity
8
0
100
AcDbBlockBegin
2
*D7
70
1
10
0
20
0
3
*D7
1

0
LINE
5
A0
100
AcDbEntity
8
dimensions
6
ByLayer
62
256
370
-1
100
AcDbLine
10
519.10475
20
147.29862
11
542.10475
21
147.29862
0
LINE
5
A1
100
AcDbEntity
8
dimensions
6
ByLayer
62
256
370
-1
100
AcDbLine
10
526.60475
20
107.29862
11
526.60475
21
154.79862
0
LINE
5
A2
100
AcDbEntity
8
dimensions
6
ByLayer
62
256
370
-1
100
AcDbLine
10
522.85475
20
151.04862
11
530.35475
21
143.54862
0
LINE
5
A3
100
AcDbEntity
8
dimensions
6
ByLayer
62
256
370
-1
100
AcDbLine
10
534.60475
20
107.29862
11
534.60475
21
154.79862
0
LINE
5
A4
100
AcDbEntity
8
dimensions
6
ByLayer
62
256
370
-1
100
AcDbLine
10
530.85475
20
151.04862
11
538.35475
21
143.54862
0
TEXT
5
A5
100
AcDbEntity
8
text
6
ByLayer
62
256
370
-1
100
AcDbText
10
503.60475
20
158.54862
30
0
40
15
1
0.08
50
0
41
0.9
7
standard
72
1
11
530.60475
21
158.54862
31
0
100
AcDbText
0
ENDBLK
5
A6
330
46
100
AcDbEntity
8
0
100
AcDbBlockEnd
0
BLOCK
5
A7
330
51
100
AcDbEntity
8
0
100
AcDbBlockBegin
2
*D8
70
1
10
0
20
0
3
*D8
1

0
LINE
5
A8
100
AcDbEntity
8
dimensions
6
ByLayer
62
256
370
-1
100
AcDbLine
10
527.10475
20
147.29862
11
622.095
21
147.29862
0
LINE
5
A9
100
AcDbEntity
8
dimensions
6
ByLayer
62
256
370
-1
100
AcDbLine
10
534.60475
20
107.29862
11
534.60475
21
154.79862
0
LINE
5
AA
100
AcDbEntity
8
dimensions
6
ByLayer
62
256
370
-1
100
AcDbLine
10
530.85475
20
151.04862
11
538.35475
21
143.54862
0
LINE
5
AB
100
AcDbEntity
8
dimensions
6
ByLayer
62
256
370
-1
100
AcDbLine
10
614.595
20
107.29862
11
614.595
21
154.79862
0
LINE
5
AC
100
AcDbEntity
8
dimensions
6
ByLayer
62
256
370
-1
100
AcDbLine
10
610.845
20
151.04862
11
618.345
21
143.54862
0
TEXT
5
AD
100
AcDbEntity
8
text
6
ByLayer
62
256
370
-1
100
AcDbText
10
554.349875
20
158.54862
30
0
40
15
1
0.8
50
0
41
0.9
7
standard
72
1
11
574.599875
21
158.54862
31
0
100
AcDbText
0
ENDBLK
5
AE
330
46
100
AcDbEntity
8
0
100
AcDbBlockEnd
0
BLOCK
5
AF
330
52
100
AcDbEntity
8
0
100
AcDbBlockBegin
2
*D9
70
1
10
0
20
0
3
*D9
1

0
LINE
5
B0
100
AcDbEntity
8
dimensions
6
ByLayer
62
256
370
-1
100
AcDbLine
10
298.84784
20
126.27272
11
298.84784
21
230.52994
0
LINE
5
B1
100
AcDbEntity
8
dimensions
6
ByLayer
62
256
370
-1
100
AcDbLine
10
383.50827
20
133.77272
11
291.34784
21
133.77272
0
LINE
5
B2
100
AcDbEntity
8
dimensions
6
ByLayer
62
256
370
-1
100
AcDbLine
10
295.09784
20
130.02272
11
302.59784
21
137.52272
0
LINE
5
B3
100
AcDbEntity
8
dimensions
6
ByLayer
62
256
370
-1
100
AcDbLine
10
383.50827
20
223.02994
11
291.34784
21
223.02994
0
LINE
5
B4
100
AcDbEntity
8
dimensions
6
ByLayer
62
256
370
-1
100
AcDbLine
10
295.09784
20
219.27994
11
302.59784
21
226.77994
0
TEXT
5
B5
100
AcDbEntity
8
text
6
ByLayer
62
256
370
-1
100
AcDbText
10
253.09784
20
170.90133
30
0
40
15
1
0.89
50
-270
41
0.9
7
standard
72
1
11
280.09784
21
170.90133
31
0
100
AcDbText
0
ENDBLK
5
B6
330
46
100
AcDbEntity
8
0
100
AcDbBlockEnd
0
BLOCK
5
B7
330
53
100
AcDbEntity
8
0
100
AcDbBlockBegin
2
*D10
70
1
10
0
20
0
3
*D10
1

0
LINE
5
B8
100
AcDbEntity
8
dimensions
6
ByLayer
62
256
370
-1
100
AcDbLine
10
367.595
20
483.75874
11
367.595
21
370.99345
0
LINE
5
B9
100
AcDbEntity
8
dimensions
6
ByLayer
62
256
370
-1
100
AcDbLine
10
327.595
20
476.25874
11
375.095
21
476.25874
0
LINE
5
BA
100
AcDbEntity
8
dimensions
6
ByLayer
62
256
370
-1
100
AcDbLine
10
371.345
20
480.00874
11
363.845
21
472.50874
0
LINE
5
BB
100
AcDbEntity
8
dimensions
6
ByLayer
62
256
370
-1
100
AcDbLine
10
327.595
20
378.49345
11
375.095
21
378.49345
0
LINE
5
BC
100
AcDbEntity
8
dimensions
6
ByLayer
62
256
370
-1
100
AcDbLine
10
371.345
20
382.24345
11
363.845
21
374.74345
0
TEXT
5
BD
100
AcDbEntity
8
text
6
ByLayer
62
256
370
-1
100
AcDbText
10
321.845
20
419.876095
30
0
40
15
1
0.98
50
-270
41
0.9
7
standard
72
1
11
348.845
21
419.876095
31
0
100
AcDbText
0
ENDBLK
5
BE
330
46
100
AcDbEntity
8
0
100
AcDbBlockEnd
0
BLOCK
5
BF
330
54
100
AcDbEntity
8
0
100
AcDbBlockBegin
2
*D11
70
1
10
0
20
0
3
*D11
1

0
LINE
5
C0
100
AcDbEntity
8
dimensions
6
ByLayer
62
256
370
-1
100
AcDbLine
10
195.98178
20
357.66829
11
274.54252
21
357.66829
0
LINE
5
C1
100
AcDbEntity
8
dimensions
6
ByLayer
62
256
370
-1
100
AcDbLine
10
203.48178
20
314.49924
11
203.48178
21
365.16829
0
LINE
5
C2
100
AcDbEntity
8
dimensions
6
ByLayer
62
256
370
-1
100
AcDbLine
10
199.73178
20
361.41829
11
207.23178
21
353.91829
0
LINE
5
C3
100
AcDbEntity
8
dimensions
6
ByLayer
62
256
370
-1
100
AcDbLine
10
267.04252
20
314.49924
11
267.04252
21
365.16829
0
LINE
5
C4
100
AcDbEntity
8
dimensions
6
ByLayer
62
256
370
-1
100
AcDbLine
10
263.29252
20
361.41829
11
270.79252
21
353.91829
0
TEXT
5
C5
100
AcDbEntity
8
text
6
ByLayer
62
256
370
-1
100
AcDbText
10
208.26215
20
368.91829
30
0
40
15
1
0.64
50
0
41
0.9
7
standard
72
1
11
235.26215
21
368.91829
31
0
100
AcDbText
0
ENDBLK
5
C6
330
46
100
AcDbEntity
8
0
100
AcDbBlockEnd
0
BLOCK
5
C7
330
55
100
AcDbEntity
8
0
100
AcDbBlockBegin
2
*D12
70
1
10
0
20
0
3
*D12
1

0
LINE
5
C8
100
AcDbEntity
8
dimensions
6
ByLayer
62
256
370
-1
100
AcDbLine
10
196.15208465
20
380.5997794
11
622.26516881
21
378.78626063
0
LINE
5
C9
100
AcDbEntity
8
dimensions
6
ByLayer
62
256
370
-1
100
AcDbLine
10
203.48178
20
340.56822
11
203.68393611
21
388.06779209
0
LINE
5
CA
100
AcDbEntity
8
dimensions
6
ByLayer
62
256
370
-1
100
AcDbLine
10
199.91801038
20
384.33378574
11
207.38602308
21
376.80193428
0
LINE
5
CB
100
AcDbEntity
8
dimensions
6
ByLayer
62
256
370
-1
100
AcDbLine
10
614.595
20
338.81854
11
614.79715611
21
386.31811209
0
LINE
5
CC
100
AcDbEntity
8
dimensions
6
ByLayer
62
256
370
-1
100
AcDbLine
10
611.03123038
20
382.58410574
11
618.49924308
21
375.05225428
0
TEXT
5
CD
100
AcDbEntity
8
text
6
ByLayer
62
256
370
-1
100
AcDbText
10
382.28842519
20
390.94285021
30
0
40
15
1
4.11
50
-0.24385
41
0.9
7
standard
72
1
11
409.28842519
21
390.94285021
31
0
100
AcDbText
0
ENDBLK
5
CE
330
46
100
AcDbEntity
8
0
100
AcDbBlockEnd
0
BLOCK
5
CF
330
56
100
AcDbEntity
8
0
100
AcDbBlockBegin
2
*D13
70
1
10
0
20
0
3
*D13
1

0
LINE
5
D0
100
AcDbEntity
8
dimensions
6
ByLayer
62
256
370
-1
100
AcDbLine
10
234.87895
20
533.75874
11
234.87895
21
348.10047756
0
LINE
5
D1
100
AcDbEntity
8
dimensions
6
ByLayer
62
256
370
-1
100
AcDbLine
10
194.87895
20
526.25874
11
242.37895
21
526.25874
0
LINE
5
D2
100
AcDbEntity
8
dimensions
6
ByLayer
62
256
370
-1
100
AcDbLine
10
238.62895
20
530.00874
11
231.12895
21
522.50874
0
LINE
5
D3
100
AcDbEntity
8
dimensions
6
ByLayer
62
256
370
-1
100
AcDbLine
10
194.87895
20
355.60047756
11
242.37895
21
355.60047756
0
LINE
5
D4
100
AcDbEntity
8
dimensions
6
ByLayer
62
256
370
-1
100
AcDbLine
10
238.62895
20
359.35047756
11
231.12895
21
351.85047756
0
TEXT
5
D5
100
AcDbEntity
8
text
6
ByLayer
62
256
370
-1
100
AcDbText
10
189.12895
20
433.42960878
30
0
40
15
1
1.71
50
-270
41
0.9
7
standard
72
1
11
216.12895
21
433.42960878
31
0
100
AcDbText
0
ENDBLK
5
D6
330
46
100
AcDbEntity
8
0
100
AcDbBlockEnd
0
BLOCK
5
D7
330
57
100
AcDbEntity
8
0
100
AcDbBlockBegin
2
*D14
70
1
10
0
20
0
3
*D14
1

0
LINE
5
D8
100
AcDbEntity
8
dimensions
6
ByLayer
62
256
370
-1
100
AcDbLine
10
234.87895
20
363.10047756
11
234.87895
21
306.9992355
0
LINE
5
D9
100
AcDbEntity
8
dimensions
6
ByLayer
62
256
370
-1
100
AcDbLine
10
194.87895
20
355.60047756
11
242.37895
21
355.60047756
0
LINE
5
DA
100
AcDbEntity
8
dimensions
6
ByLayer
62
256
370
-1
100
AcDbLine
10
238.62895
20
359.35047756
11
231.12895
21
351.85047756
0
LINE
5
DB
100
AcDbEntity
8
dimensions
6
ByLayer
62
256
370
-1
100
AcDbLine
10
194.87895
20
314.4992355
11
242.37895
21
314.4992355
0
LINE
5
DC
100
AcDbEntity
8
dimensions
6
ByLayer
62
256
370
-1
100
AcDbLine
10
238.62895
20
318.2492355
11
231.12895
21
310.7492355
0
TEXT
5
DD
100
AcDbEntity
8
text
6
ByLayer
62
256
370
-1
100
AcDbText
10
189.12895
20
327.54985653
30
0
40
15
1
0.41
50
-270
41
0.9
7
standard
72
1
11
216.12895
21
327.54985653
31
0
100
AcDbText
0
ENDBLK
5
DE
330
46
100
AcDbEntity
8
0
100
AcDbBlockEnd
0
BLOCK
5
DF
330
58
100
AcDbEntity
8
0
100
AcDbBlockBegin
2
*D15
70
1
10
0
20
0
3
*D15
1

0
LINE
5
E0
100
AcDbEntity
8
dimensions
6
ByLayer
62
256
370
-1
100
AcDbLine
10
234.87895
20
321.9992355
11
234.87895
21
68.15109
0
LINE
5
E1
100
AcDbEntity
8
dimensions
6
ByLayer
62
256
370
-1
100
AcDbLine
10
194.87895
20
314.4992355
11
242.37895
21
314.4992355
0
LINE
5
E2
100
AcDbEntity
8
dimensions
6
ByLayer
62
256
370
-1
100
AcDbLine
10
238.62895
20
318.2492355
11
231.12895
21
310.7492355
0
LINE
5
E3
100
AcDbEntity
8
dimensions
6
ByLayer
62
256
370
-1
100
AcDbLine
10
194.87895
20
75.65109
11
242.37895
21
75.65109
0
LINE
5
E4
100
AcDbEntity
8
dimensions
6
ByLayer
62
256
370
-1
100
AcDbLine
10
238.62895
20
79.40109
11
231.12895
21
71.90109
0
TEXT
5
E5
100
AcDbEntity
8
text
6
ByLayer
62
256
370
-1
100
AcDbText
10
189.12895
20
187.57516275
30
0
40
15
1
2.39
50
-270
41
0.9
7
standard
72
1
11
216.12895
21
187.57516275
31
0
100
AcDbText
0
ENDBLK
5
E6
330
46
100
AcDbEntity
8
0
100
AcDbBlockEnd
0
BLOCK
5
E7
330
59
100
AcDbEntity
8
0
100
AcDbBlockBegin
2
*D16
70
1
10
0
20
0
3
*D16
1

0
LINE
5
E8
100
AcDbEntity
8
dimensions
6
ByLayer
62
256
370
-1
100
AcDbLine
10
433.4299
20
518.75874
11
433.4299
21
568.92229
0
LINE
5
E9
100
AcDbEntity
8
dimensions
6
ByLayer
62
256
370
-1
100
AcDbLine
10
415.13989
20
526.25874
11
440.9299
21
526.25874
0
LINE
5
EA
100
AcDbEntity
8
dimensions
6
ByLayer
62
256
370
-1
100
AcDbLine
10
429.6799
20
522.50874
11
437.1799
21
530.00874
0
LINE
5
EB
100
AcDbEntity
8
dimensions
6
ByLayer
62
256
370
-1
100
AcDbLine
10
415.13989
20
561.42229
11
440.9299
21
561.42229
0
LINE
5
EC
100
AcDbEntity
8
dimensions
6
ByLayer
62
256
370
-1
100
AcDbLine
10
429.6799
20
557.67229
11
437.1799
21
565.17229
0
TEXT
5
ED
100
AcDbEntity
8
text
6
ByLayer
62
256
370
-1
100
AcDbText
10
387.6799
20
536.340515
30
0
40
15
1
0.35
50
-270
41
0.9
7
standard
72
1
11
414.6799
21
536.340515
31
0
100
AcDbText
0
ENDBLK
5
EE
330
46
100
AcDbEntity
8
0
100
AcDbBlockEnd
0
BLOCK
5
EF
330
5A
100
AcDbEntity
8
0
100
AcDbBlockBegin
2
*D17
70
1
10
0
20
0
3
*D17
1

0
LINE
5
F0
100
AcDbEntity
8
dimensions
6
ByLayer
62
256
370
-1
100
AcDbLine
10
433.4299
20
553.92229
11
433.4299
21
569.12202
0
LINE
5
F1
100
AcDbEntity
8
dimensions
6
ByLayer
62
256
370
-1
100
AcDbLine
10
415.13989
20
561.42229
11
440.9299
21
561.42229
0
LINE
5
F2
100
AcDbEntity
8
dimensions
6
ByLayer
62
256
370
-1
100
AcDbLine
10
429.6799
20
557.67229
11
437.1799
21
565.17229
0
LINE
5
F3
100
AcDbEntity
8
dimensions
6
ByLayer
62
256
370
-1
100
AcDbLine
10
415.13989
20
561.62202
11
440.9299
21
561.62202
0
LINE
5
F4
100
AcDbEntity
8
dimensions
6
ByLayer
62
256
370
-1
100
AcDbLine
10
429.6799
20
557.87202
11
437.1799
21
565.37202
0
TEXT
5
F5
100
AcDbEntity
8
text
6
ByLayer
62
256
370
-1
100
AcDbText
10
407.9299
20
554.022155
30
0
40
15
1
0
50
-270
41
0.9
7
standard
72
1
11
414.6799
21
554.022155
31
0
100
AcDbText
0
ENDBLK
5
F6
330
46
100
AcDbEntity
8
0
100
AcDbBlockEnd
0
BLOCK
5
F7
330
5B
100
AcDbEntity
8
0
100
AcDbBlockBegin
2
*D18
70
1
10
0
20
0
3
*D18
1

0
LINE
5
F8
100
AcDbEntity
8
dimensions
6
ByLayer
62
256
370
-1
100
AcDbLine
10
500.63989
20
610.42229
11
627.18316
21
610.42229
0
LINE
5
F9
100
AcDbEntity
8
dimensions
6
ByLayer
62
256
370
-1
100
AcDbLine
10
508.13989
20
570.42229
11
508.13989
21
617.92229
0
LINE
5
FA
100
AcDbEntity
8
dimensions
6
ByLayer
62
256
370
-1
100
AcDbLine
10
504.38989
20
614.17229
11
511.88989
21
606.67229
0
LINE
5
FB
100
AcDbEntity
8
dimensions
6
ByLayer
62
256
370
-1
100
AcDbLine
10
619.68316
20
570.42229
11
619.68316
21
617.92229
0
LINE
5
FC
100
AcDbEntity
8
dimensions
6
ByLayer
62
256
370
-1
100
AcDbLine
10
615.93316
20
614.17229
11
623.43316
21
606.67229
0
TEXT
5
FD
100
AcDbEntity
8
text
6
ByLayer
62
256
370
-1
100
AcDbText
10
536.911525
20
621.67229
30
0
40
15
1
1.12
50
0
41
0.9
7
standard
72
1
11
563.911525
21
621.67229
31
0
100
AcDbText
0
ENDBLK
5
FE
330
46
100
AcDbEntity
8
0
100
AcDbBlockEnd
0
BLOCK
5
FF
330
5C
100
AcDbEntity
8
0
100
AcDbBlockBegin
2
*D19
70
1
10
0
20
0
3
*D19
1

0
LINE
5
100
100
AcDbEntity
8
dimensions
6
ByLayer
62
256
370
-1
100
AcDbLine
10
362.70976
20
1109.36941
11
362.70976
21
1214.0920214
0
LINE
5
101
100
AcDbEntity
8
dimensions
6
ByLayer
62
256
370
-1
100
AcDbLine
10
402.70976
20
1116.86941
11
355.20976
21
1116.86941
0
LINE
5
102
100
AcDbEntity
8
dimensions
6
ByLayer
62
256
370
-1
100
AcDbLine
10
358.95976
20
1113.11941
11
366.45976
21
1120.61941
0
LINE
5
103
100
AcDbEntity
8
dimensions
6
ByLayer
62
256
370
-1
100
AcDbLine
10
402.70976
20
1206.5920214
11
355.20976
21
1206.5920214
0
LINE
5
104
100
AcDbEntity
8
dimensions
6
ByLayer
62
256
370
-1
100
AcDbLine
10
358.95976
20
1202.8420214
11
366.45976
21
1210.3420214
0
TEXT
5
105
100
AcDbEntity
8
text
6
ByLayer
62
256
370
-1
100
AcDbText
10
323.70976
20
1154.2307157
30
0
40
15
1
0.9
50
-270
41
0.9
7
standard
72
1
11
343.95976
21
1154.2307157
31
0
100
AcDbText
0
ENDBLK
5
106
330
46
100
AcDbEntity
8
0
100
AcDbBlockEnd
0
BLOCK
5
107
330
5D
100
AcDbEntity
8
0
100
AcDbBlockBegin
2
*D20
70
1
10
0
20
0
3
*D20
1

0
LINE
5
108
100
AcDbEntity
8
dimensions
6
ByLayer
62
256
370
-1
100
AcDbLine
10
362.70976
20
1199.0920214
11
362.70976
21
1223.95268286
0
LINE
5
109
100
AcDbEntity
8
dimensions
6
ByLayer
62
256
370
-1
100
AcDbLine
10
402.70976
20
1206.5920214
11
355.20976
21
1206.5920214
0
LINE
5
10A
100
AcDbEntity
8
dimensions
6
ByLayer
62
256
370
-1
100
AcDbLine
10
358.95976
20
1202.8420214
11
366.45976
21
1210.3420214
0
LINE
5
10B
100
AcDbEntity
8
dimensions
6
ByLayer
62
256
370
-1
100
AcDbLine
10
402.70976
20
1216.45268286
11
355.20976
21
1216.45268286
0
LINE
5
10C
100
AcDbEntity
8
dimensions
6
ByLayer
62
256
370
-1
100
AcDbLine
10
358.95976
20
1212.70268286
11
366.45976
21
1220.20268286
0
TEXT
5
10D
100
AcDbEntity
8
text
6
ByLayer
62
256
370
-1
100
AcDbText
10
323.70976
20
1204.02235213
30
0
40
15
1
0.1
50
-270
41
0.9
7
standard
72
1
11
343.95976
21
1204.02235213
31
0
100
AcDbText
0
ENDBLK
5
10E
330
46
100
AcDbEntity
8
0
100
AcDbBlockEnd
0
BLOCK
5
10F
330
5E
100
AcDbEntity
8
0
100
AcDbBlockBegin
2
*D21
70
1
10
0
20
0
3
*D21
1

0
LINE
5
110
100
AcDbEntity
8
dimensions
6
ByLayer
62
256
370
-1
100
AcDbLine
10
362.70976
20
1208.95268286
11
362.70976
21
1464.27384
0
LINE
5
111
100
AcDbEntity
8
dimensions
6
ByLayer
62
256
370
-1
100
AcDbLine
10
402.70976
20
1216.45268286
11
355.20976
21
1216.45268286
0
LINE
5
112
100
AcDbEntity
8
dimensions
6
ByLayer
62
256
370
-1
100
AcDbLine
10
358.95976
20
1212.70268286
11
366.45976
21
1220.20268286
0
LINE
5
113
100
AcDbEntity
8
dimensions
6
ByLayer
62
256
370
-1
100
AcDbLine
10
402.70976
20
1456.77384
11
355.20976
21
1456.77384
0
LINE
5
114
100
AcDbEntity
8
dimensions
6
ByLayer
62
256
370
-1
100
AcDbLine
10
358.95976
20
1453.02384
11
366.45976
21
1460.52384
0
TEXT
5
115
100
AcDbEntity
8
text
6
ByLayer
62
256
370
-1
100
AcDbText
10
323.70976
20
1329.11326143
30
0
40
15
1
2.4
50
-270
41
0.9
7
standard
72
1
11
343.95976
21
1329.11326143
31
0
100
AcDbText
0
ENDBLK
5
116
330
46
100
AcDbEntity
8
0
100
AcDbBlockEnd
0
BLOCK
5
117
330
5F
100
AcDbEntity
8
0
100
AcDbBlockBegin
2
*D22
70
1
10
0
20
0
3
*D22
1

0
LINE
5
118
100
AcDbEntity
8
dimensions
6
ByLayer
62
256
370
-1
100
AcDbLine
10
528.7077
20
769.17949
11
796.36987
21
769.17949
0
LINE
5
119
100
AcDbEntity
8
dimensions
6
ByLayer
62
256
370
-1
100
AcDbLine
10
536.2077
20
756.44162
11
536.2077
21
776.67949
0
LINE
5
11A
100
AcDbEntity
8
dimensions
6
ByLayer
62
256
370
-1
100
AcDbLine
10
532.4577
20
772.92949
11
539.9577
21
765.42949
0
LINE
5
11B
100
AcDbEntity
8
dimensions
6
ByLayer
62
256
370
-1
100
AcDbLine
10
788.86987
20
756.44162
11
788.86987
21
776.67949
0
LINE
5
11C
100
AcDbEntity
8
dimensions
6
ByLayer
62
256
370
-1
100
AcDbLine
10
785.11987
20
772.92949
11
792.61987
21
765.42949
0
TEXT
5
11D
100
AcDbEntity
8
text
6
ByLayer
62
256
370
-1
100
AcDbText
10
635.538785
20
780.42949
30
0
40
15
1
2.53
50
0
41
0.9
7
standard
72
1
11
662.538785
21
780.42949
31
0
100
AcDbText
0
ENDBLK
5
11E
330
46
100
AcDbEntity
8
0
100
AcDbBlockEnd
0
BLOCK
5
11F
330
60
100
AcDbEntity
8
0
100
AcDbBlockBegin
2
*D23
70
1
10
0
20
0
3
*D23
1

0
LINE
5
120
100
AcDbEntity
8
dimensions
6
ByLayer
62
256
370
-1
100
AcDbLine
10
742.87687
20
886.50691
11
742.87687
21
719.472
0
LINE
5
121
100
AcDbEntity
8
dimensions
6
ByLayer
62
256
370
-1
100
AcDbLine
10
702.87687
20
879.00691
11
750.37687
21
879.00691
0
LINE
5
122
100
AcDbEntity
8
dimensions
6
ByLayer
62
256
370
-1
100
AcDbLine
10
746.62687
20
882.75691
11
739.12687
21
875.25691
0
LINE
5
123
100
AcDbEntity
8
dimensions
6
ByLayer
62
256
370
-1
100
AcDbLine
10
702.87687
20
726.972
11
750.37687
21
726.972
0
LINE
5
124
100
AcDbEntity
8
dimensions
6
ByLayer
62
256
370
-1
100
AcDbLine
10
746.62687
20
730.722
11
739.12687
21
723.222
0
TEXT
5
125
100
AcDbEntity
8
text
6
ByLayer
62
256
370
-1
100
AcDbText
10
697.12687
20
795.489455
30
0
40
15
1
1.52
50
-270
41
0.9
7
standard
72
1
11
724.12687
21
795.489455
31
0
100
AcDbText
0
ENDBLK
5
126
330
46
100
AcDbEntity
8
0
100
AcDbBlockEnd
0
BLOCK
5
127
330
61
100
AcDbEntity
8
0
100
AcDbBlockBegin
2
*D24
70
1
10
0
20
0
3
*D24
1

0
LINE
5
128
100
AcDbEntity
8
dimensions
6
ByLayer
62
256
370
-1
100
AcDbLine
10
780.70514
20
1111.65442
11
780.70514
21
957.89835205
0
LINE
5
129
100
AcDbEntity
8
dimensions
6
ByLayer
62
256
370
-1
100
AcDbLine
10
740.70514
20
1104.15442
11
788.20514
21
1104.15442
0
LINE
5
12A
100
AcDbEntity
8
dimensions
6
ByLayer
62
256
370
-1
100
AcDbLine
10
784.45514
20
1107.90442
11
776.95514
21
1100.40442
0
LINE
5
12B
100
AcDbEntity
8
dimensions
6
ByLayer
62
256
370
-1
100
AcDbLine
10
740.70514
20
965.39835205
11
788.20514
21
965.39835205
0
LINE
5
12C
100
AcDbEntity
8
dimensions
6
ByLayer
62
256
370
-1
100
AcDbLine
10
784.45514
20
969.14835205
11
776.95514
21
961.64835205
0
TEXT
5
12D
100
AcDbEntity
8
text
6
ByLayer
62
256
370
-1
100
AcDbText
10
734.95514
20
1027.27638603
30
0
40
15
1
1.39
50
-270
41
0.9
7
standard
72
1
11
761.95514
21
1027.27638603
31
0
100
AcDbText
0
ENDBLK
5
12E
330
46
100
AcDbEntity
8
0
100
AcDbBlockEnd
0
BLOCK
5
12F
330
62
100
AcDbEntity
8
0
100
AcDbBlockBegin
2
*D25
70
1
10
0
20
0
3
*D25
1

0
LINE
5
130
100
AcDbEntity
8
dimensions
6
ByLayer
62
256
370
-1
100
AcDbLine
10
780.70514
20
972.89835205
11
780.70514
21
897.86119
0
LINE
5
131
100
AcDbEntity
8
dimensions
6
ByLayer
62
256
370
-1
100
AcDbLine
10
740.70514
20
965.39835205
11
788.20514
21
965.39835205
0
LINE
5
132
100
AcDbEntity
8
dimensions
6
ByLayer
62
256
370
-1
100
AcDbLine
10
784.45514
20
969.14835205
11
776.95514
21
961.64835205
0
LINE
5
133
100
AcDbEntity
8
dimensions
6
ByLayer
62
256
370
-1
100
AcDbLine
10
740.70514
20
905.36119
11
788.20514
21
905.36119
0
LINE
5
134
100
AcDbEntity
8
dimensions
6
ByLayer
62
256
370
-1
100
AcDbLine
10
784.45514
20
909.11119
11
776.95514
21
901.61119
0
TEXT
5
135
100
AcDbEntity
8
text
6
ByLayer
62
256
370
-1
100
AcDbText
10
741.70514
20
927.87977103
30
0
40
15
1
0.6
50
-270
41
0.9
7
standard
72
1
11
761.95514
21
927.87977103
31
0
100
AcDbText
0
ENDBLK
5
136
330
46
100
AcDbEntity
8
0
100
AcDbBlockEnd
0
BLOCK
5
137
330
63
100
AcDbEntity
8
0
100
AcDbBlockBegin
2
*D26
70
1
10
0
20
0
3
*D26
1

0
LINE
5
138
100
AcDbEntity
8
dimensions
6
ByLayer
62
256
370
-1
100
AcDbLine
10
528.7077
20
953.94246
11
732.57582335
21
953.94246
0
LINE
5
139
100
AcDbEntity
8
dimensions
6
ByLayer
62
256
370
-1
100
AcDbLine
10
536.2077
20
913.94246
11
536.2077
21
961.44246
0
LINE
5
13A
100
AcDbEntity
8
dimensions
6
ByLayer
62
256
370
-1
100
AcDbLine
10
532.4577
20
957.69246
11
539.9577
21
950.19246
0
LINE
5
13B
100
AcDbEntity
8
dimensions
6
ByLayer
62
256
370
-1
100
AcDbLine
10
725.07582335
20
913.94246
11
725.07582335
21
961.44246
0
LINE
5
13C
100
AcDbEntity
8
dimensions
6
ByLayer
62
256
370
-1
100
AcDbLine
10
721.32582335
20
957.69246
11
728.82582335
21
950.19246
0
TEXT
5
13D
100
AcDbEntity
8
text
6
ByLayer
62
256
370
-1
100
AcDbText
10
603.64176167
20
965.19246
30
0
40
15
1
1.89
50
0
41
0.9
7
standard
72
1
11
630.64176167
21
965.19246
31
0
100
AcDbText
0
ENDBLK
5
13E
330
46
100
AcDbEntity
8
0
100
AcDbBlockEnd
0
BLOCK
5
13F
330
64
100
AcDbEntity
8
0
100
AcDbBlockBegin
2
*D27
70
1
10
0
20
0
3
*D27
1

0
LINE
5
140
100
AcDbEntity
8
dimensions
6
ByLayer
62
256
370
-1
100
AcDbLine
10
717.57582335
20
953.94246
11
796.36987
21
953.94246
0
LINE
5
141
100
AcDbEntity
8
dimensions
6
ByLayer
62
256
370
-1
100
AcDbLine
10
725.07582335
20
913.94246
11
725.07582335
21
961.44246
0
LINE
5
142
100
AcDbEntity
8
dimensions
6
ByLayer
62
256
370
-1
100
AcDbLine
10
721.32582335
20
957.69246
11
728.82582335
21
950.19246
0
LINE
5
143
100
AcDbEntity
8
dimensions
6
ByLayer
62
256
370
-1
100
AcDbLine
10
788.86987
20
913.94246
11
788.86987
21
961.44246
0
LINE
5
144
100
AcDbEntity
8
dimensions
6
ByLayer
62
256
370
-1
100
AcDbLine
10
785.11987
20
957.69246
11
792.61987
21
950.19246
0
TEXT
5
145
100
AcDbEntity
8
text
6
ByLayer
62
256
370
-1
100
AcDbText
10
729.97284667
20
965.19246
30
0
40
15
1
0.64
50
0
41
0.9
7
standard
72
1
11
756.97284667
21
965.19246
31
0
100
AcDbText
0
ENDBLK
5
146
330
46
100
AcDbEntity
8
0
100
AcDbBlockEnd
0
BLOCK
5
147
330
65
100
AcDbEntity
8
0
100
AcDbBlockBegin
2
*D28
70
1
10
0
20
0
3
*D28
1

0
LINE
5
148
100
AcDbEntity
8
dimensions
6
ByLayer
62
256
370
-1
100
AcDbLine
10
50.7
20
1510.9838
11
80.20999
21
1510.9838
0
LINE
5
149
100
AcDbEntity
8
dimensions
6
ByLayer
62
256
370
-1
100
AcDbLine
10
57.2
20
1484.9838
11
57.2
21
1517.4838
0
LINE
5
14A
100
AcDbEntity
8
dimensions
6
ByLayer
62
256
370
-1
100
AcDbLine
10
53.95
20
1514.2338
11
60.45
21
1507.7338
0
LINE
5
14B
100
AcDbEntity
8
dimensions
6
ByLayer
62
256
370
-1
100
AcDbLine
10
73.70999
20
1484.9838
11
73.70999
21
1517.4838
0
LINE
5
14C
100
AcDbEntity
8
dimensions
6
ByLayer
62
256
370
-1
100
AcDbLine
10
70.45999
20
1514.2338
11
76.95999
21
1507.7338
0
TEXT
5
14D
100
AcDbEntity
8
text
6
ByLayer
62
256
370
-1
100
AcDbText
10
42.054995
20
1520.7338
30
0
40
13
1
0.17
50
0
41
0.9
7
standard
72
1
11
65.454995
21
1520.7338
31
0
100
AcDbText
0
ENDBLK
5
14E
330
46
100
AcDbEntity
8
0
100
AcDbBlockEnd
0
BLOCK
5
14F
330
66
100
AcDbEntity
8
0
100
AcDbBlockBegin
2
*D29
70
1
10
0
20
0
3
*D29
1

0
LINE
5
150
100
AcDbEntity
8
dimensions
6
ByLayer
62
256
370
-1
100
AcDbLine
10
67.20999
20
1510.9838
11
1361.2269
21
1510.9838
0
LINE
5
151
100
AcDbEntity
8
dimensions
6
ByLayer
62
256
370
-1
100
AcDbLine
10
73.70999
20
1484.9838
11
73.70999
21
1517.4838
0
LINE
5
152
100
AcDbEntity
8
dimensions
6
ByLayer
62
256
370
-1
100
AcDbLine
10
70.45999
20
1514.2338
11
76.95999
21
1507.7338
0
LINE
5
153
100
AcDbEntity
8
dimensions
6
ByLayer
62
256
370
-1
100
AcDbLine
10
1354.7269
20
1484.9838
11
1354.7269
21
1517.4838
0
LINE
5
154
100
AcDbEntity
8
dimensions
6
ByLayer
62
256
370
-1
100
AcDbLine
10
1351.4769
20
1514.2338
11
1357.9769
21
1507.7338
0
TEXT
5
155
100
AcDbEntity
8
text
6
ByLayer
62
256
370
-1
100
AcDbText
10
684.968445
20
1520.7338
30
0
40
13
1
12.81
50
0
41
0.9
7
standard
72
1
11
714.218445
21
1520.7338
31
0
100
AcDbText
0
ENDBLK
5
156
330
46
100
AcDbEntity
8
0
100
AcDbBlockEnd
0
BLOCK
5
157
330
67
100
AcDbEntity
8
0
100
AcDbBlockBegin
2
*D30
70
1
10
0
20
0
3
*D30
1

0
LINE
5
158
100
AcDbEntity
8
dimensions
6
ByLayer
62
256
370
-1
100
AcDbLine
10
50.7
20
19.5
11
80.20999
21
19.5
0
LINE
5
159
100
AcDbEntity
8
dimensions
6
ByLayer
62
256
370
-1
100
AcDbLine
10
57.2
20
45.5
11
57.2
21
13
0
LINE
5
15A
100
AcDbEntity
8
dimensions
6
ByLayer
62
256
370
-1
100
AcDbLine
10
53.95
20
22.75
11
60.45
21
16.25
0
LINE
5
15B
100
AcDbEntity
8
dimensions
6
ByLayer
62
256
370
-1
100
AcDbLine
10
73.70999
20
45.5
11
73.70999
21
13
0
LINE
5
15C
100
AcDbEntity
8
dimensions
6
ByLayer
62
256
370
-1
100
AcDbLine
10
70.45999
20
22.75
11
76.95999
21
16.25
0
TEXT
5
15D
100
AcDbEntity
8
text
6
ByLayer
62
256
370
-1
100
AcDbText
10
42.054995
20
29.25
30
0
40
13
1
0.17
50
0
41
0.9
7
standard
72
1
11
65.454995
21
29.25
31
0
100
AcDbText
0
ENDBLK
5
15E
330
46
100
AcDbEntity
8
0
100
AcDbBlockEnd
0
BLOCK
5
15F
330
68
100
AcDbEntity
8
0
100
AcDbBlockBegin
2
*D31
70
1
10
0
20
0
3
*D31
1

0
LINE
5
160
100
AcDbEntity
8
dimensions
6
ByLayer
62
256
370
-1
100
AcDbLine
10
67.20999
20
19.5
11
1361.2269
21
19.5
0
LINE
5
161
100
AcDbEntity
8
dimensions
6
ByLayer
62
256
370
-1
100
AcDbLine
10
73.70999
20
45.5
11
73.70999
21
13
0
LINE
5
162
100
AcDbEntity
8
dimensions
6
ByLayer
62
256
370
-1
100
AcDbLine
10
70.45999
20
22.75
11
76.95999
21
16.25
0
LINE
5
163
100
AcDbEntity
8
dimensions
6
ByLayer
62
256
370
-1
100
AcDbLine
10
1354.7269
20
45.5
11
1354.7269
21
13
0
LINE
5
164
100
AcDbEntity
8
dimensions
6
ByLayer
62
256
370
-1
100
AcDbLine
10
1351.4769
20
22.75
11
1357.9769
21
16.25
0
TEXT
5
165
100
AcDbEntity
8
text
6
ByLayer
62
256
370
-1
100
AcDbText
10
684.968445
20
29.25
30
0
40
13
1
12.81
50
0
41
0.9
7
standard
72
1
11
714.218445
21
29.25
31
0
100
AcDbText
0
ENDBLK
5
166
330
46
100
AcDbEntity
8
0
100
AcDbBlockEnd
0
BLOCK
5
167
330
69
100
AcDbEntity
8
0
100
AcDbBlockBegin
2
*D32
70
1
10
0
20
0
3
*D32
1

0
LINE
5
168
100
AcDbEntity
8
dimensions
6
ByLayer
62
256
370
-1
100
AcDbLine
10
19.5
20
1479.7838
11
19.5
21
1450.27384
0
LINE
5
169
100
AcDbEntity
8
dimensions
6
ByLayer
62
256
370
-1
100
AcDbLine
10
45.5
20
1473.2838
11
13
21
1473.2838
0
LINE
5
16A
100
AcDbEntity
8
dimensions
6
ByLayer
62
256
370
-1
100
AcDbLine
10
22.75
20
1476.5338
11
16.25
21
1470.0338
0
LINE
5
16B
100
AcDbEntity
8
dimensions
6
ByLayer
62
256
370
-1
100
AcDbLine
10
45.5
20
1456.77384
11
13
21
1456.77384
0
LINE
5
16C
100
AcDbEntity
8
dimensions
6
ByLayer
62
256
370
-1
100
AcDbLine
10
22.75
20
1460.02384
11
16.25
21
1453.52384
0
TEXT
5
16D
100
AcDbEntity
8
text
6
ByLayer
62
256
370
-1
100
AcDbText
10
-20.15
20
1458.52882
30
0
40
13
1
0.17
50
-270
41
0.9
7
standard
72
1
11
3.25
21
1458.52882
31
0
100
AcDbText
0
ENDBLK
5
16E
330
46
100
AcDbEntity
8
0
100
AcDbBlockEnd
0
BLOCK
5
16F
330
6A
100
AcDbEntity
8
0
100
AcDbBlockBegin
2
*D33
70
1
10
0
20
0
3
*D33
1

0
LINE
5
170
100
AcDbEntity
8
dimensions
6
ByLayer
62
256
370
-1
100
AcDbLine
10
19.5
20
1463.27384
11
19.5
21
67.27272346
0
LINE
5
171
100
AcDbEntity
8
dimensions
6
ByLayer
62
256
370
-1
100
AcDbLine
10
45.5
20
1456.77384
11
13
21
1456.77384
0
LINE
5
172
100
AcDbEntity
8
dimensions
6
ByLayer
62
256
370
-1
100
AcDbLine
10
22.75
20
1460.02384
11
16.25
21
1453.52384
0
LINE
5
173
100
AcDbEntity
8
dimensions
6
ByLayer
62
256
370
-1
100
AcDbLine
10
45.5
20
73.77272346
11
13
21
73.77272346
0
LINE
5
174
100
AcDbEntity
8
dimensions
6
ByLayer
62
256
370
-1
100
AcDbLine
10
22.75
20
77.02272346
11
16.25
21
70.52272346
0
TEXT
5
175
100
AcDbEntity
8
text
6
ByLayer
62
256
370
-1
100
AcDbText
10
-26
20
758.77328173
30
0
40
13
1
13.83
50
-270
41
0.9
7
standard
72
1
11
3.25
21
758.77328173
31
0
100
AcDbText
0
ENDBLK
5
176
330
46
100
AcDbEntity
8
0
100
AcDbBlockEnd
0
BLOCK
5
177
330
6B
100
AcDbEntity
8
0
100
AcDbBlockBegin
2
*D34
70
1
10
0
20
0
3
*D34
1

0
LINE
5
178
100
AcDbEntity
8
dimensions
6
ByLayer
62
256
370
-1
100
AcDbLine
10
19.5
20
80.27272346
11
19.5
21
50.7
0
LINE
5
179
100
AcDbEntity
8
dimensions
6
ByLayer
62
256
370
-1
100
AcDbLine
10
45.5
20
73.77272346
11
13
21
73.77272346
0
LINE
5
17A
100
AcDbEntity
8
dimensions
6
ByLayer
62
256
370
-1
100
AcDbLine
10
22.75
20
77.02272346
11
16.25
21
70.52272346
0
LINE
5
17B
100
AcDbEntity
8
dimensions
6
ByLayer
62
256
370
-1
100
AcDbLine
10
45.5
20
57.2
11
13
21
57.2
0
LINE
5
17C
100
AcDbEntity
8
dimensions
6
ByLayer
62
256
370
-1
100
AcDbLine
10
22.75
20
60.45
11
16.25
21
53.95
0
TEXT
5
17D
100
AcDbEntity
8
text
6
ByLayer
62
256
370
-1
100
AcDbText
10
-20.15
20
58.98636173
30
0
40
13
1
0.17
50
-270
41
0.9
7
standard
72
1
11
3.25
21
58.98636173
31
0
100
AcDbText
0
ENDBLK
5
17E
330
46
100
AcDbEntity
8
0
100
AcDbBlockEnd
0
BLOCK
5
17F
330
6C
100
AcDbEntity
8
0
100
AcDbBlockBegin
2
*D35
70
1
10
0
20
0
3
*D35
1

0
LINE
5
180
100
AcDbEntity
8
dimensions
6
ByLayer
62
256
370
-1
100
AcDbLine
10
1392.4269
20
1479.7838
11
1392.4269
21
1450.27384
0
LINE
5
181
100
AcDbEntity
8
dimensions
6
ByLayer
62
256
370
-1
100
AcDbLine
10
1366.4269
20
1473.2838
11
1398.9269
21
1473.2838
0
LINE
5
182
100
AcDbEntity
8
dimensions
6
ByLayer
62
256
370
-1
100
AcDbLine
10
1395.6769
20
1476.5338
11
1389.1769
21
1470.0338
0
LINE
5
183
100
AcDbEntity
8
dimensions
6
ByLayer
62
256
370
-1
100
AcDbLine
10
1366.4269
20
1456.77384
11
1398.9269
21
1456.77384
0
LINE
5
184
100
AcDbEntity
8
dimensions
6
ByLayer
62
256
370
-1
100
AcDbLine
10
1395.6769
20
1460.02384
11
1389.1769
21
1453.52384
0
TEXT
5
185
100
AcDbEntity
8
text
6
ByLayer
62
256
370
-1
100
AcDbText
10
1352.7769
20
1458.52882
30
0
40
13
1
0.17
50
-270
41
0.9
7
standard
72
1
11
1376.1769
21
1458.52882
31
0
100
AcDbText
0
ENDBLK
5
186
330
46
100
AcDbEntity
8
0
100
AcDbBlockEnd
0
BLOCK
5
187
330
6D
100
AcDbEntity
8
0
100
AcDbBlockBegin
2
*D36
70
1
10
0
20
0
3
*D36
1

0
LINE
5
188
100
AcDbEntity
8
dimensions
6
ByLayer
62
256
370
-1
100
AcDbLine
10
1392.4269
20
1463.27384
11
1392.4269
21
67.27272346
0
LINE
5
189
100
AcDbEntity
8
dimensions
6
ByLayer
62
256
370
-1
100
AcDbLine
10
1366.4269
20
1456.77384
11
1398.9269
21
1456.77384
0
LINE
5
18A
100
AcDbEntity
8
dimensions
6
ByLayer
62
256
370
-1
100
AcDbLine
10
1395.6769
20
1460.02384
11
1389.1769
21
1453.52384
0
LINE
5
18B
100
AcDbEntity
8
dimensions
6
ByLayer
62
256
370
-1
100
AcDbLine
10
1366.4269
20
73.77272346
11
1398.9269
21
73.77272346
0
LINE
5
18C
100
AcDbEntity
8
dimensions
6
ByLayer
62
256
370
-1
100
AcDbLine
10
1395.6769
20
77.02272346
11
1389.1769
21
70.52272346
0
TEXT
5
18D
100
AcDbEntity
8
text
6
ByLayer
62
256
370
-1
100
AcDbText
10
1346.9269
20
758.77328173
30
0
40
13
1
13.83
50
-270
41
0.9
7
standard
72
1
11
1376.1769
21
758.77328173
31
0
100
AcDbText
0
ENDBLK
5
18E
330
46
100
AcDbEntity
8
0
100
AcDbBlockEnd
0
BLOCK
5
18F
330
6E
100
AcDbEntity
8
0
100
AcDbBlockBegin
2
*D37
70
1
10
0
20
0
3
*D37
1

0
LINE
5
190
100
AcDbEntity
8
dimensions
6
ByLayer
62
256
370
-1
100
AcDbLine
10
1392.4269
20
80.27272346
11
1392.4269
21
50.7
0
LINE
5
191
100
AcDbEntity
8
dimensions
6
ByLayer
62
256
370
-1
100
AcDbLine
10
1366.4269
20
73.77272346
11
1398.9269
21
73.77272346
0
LINE
5
192
100
AcDbEntity
8
dimensions
6
ByLayer
62
256
370
-1
100
AcDbLine
10
1395.6769
20
77.02272346
11
1389.1769
21
70.52272346
0
LINE
5
193
100
AcDbEntity
8
dimensions
6
ByLayer
62
256
370
-1
100
AcDbLine
10
1366.4269
20
57.2
11
1398.9269
21
57.2
0
LINE
5
194
100
AcDbEntity
8
dimensions
6
ByLayer
62
256
370
-1
100
AcDbLine
10
1395.6769
20
60.45
11
1389.1769
21
53.95
0
TEXT
5
195
100
AcDbEntity
8
text
6
ByLayer
62
256
370
-1
100
AcDbText
10
1352.7769
20
58.98636173
30
0
40
13
1
0.17
50
-270
41
0.9
7
standard
72
1
11
1376.1769
21
58.98636173
31
0
100
AcDbText
0
ENDBLK
5
196
330
46
100
AcDbEntity
8
0
100
AcDbBlockEnd
0
ENDSEC
0
SECTION
2
ENTITIES
0
DIMENSION
5
197
100
AcDbEntity
8
dimensions
6
ByLayer
62
256
370
-1
100
AcDbDimension
2
*D1
10
1219.21948
20
340.91476804
30
0
11
1219.21948
21
318.58270902
31
0
70
33
71
5
3
Standard
53
0
210
0
220
0
230
1
100
AcDbAlignedDimension
13
1151.29693
23
296.25065
33
0
14
1151.29693
24
340.91476804
34
0
0
DIMENSION
5
198
100
AcDbEntity
8
dimensions
6
ByLayer
62
256
370
-1
100
AcDbDimension
2
*D2
10
1219.21948
20
341.25065
30
0
11
1219.21948
21
341.08270902
31
0
70
33
71
5
3
Standard
53
0
210
0
220
0
230
1
100
AcDbAlignedDimension
13
1151.29693
23
340.91476804
33
0
14
1151.29693
24
341.25065
34
0
0
DIMENSION
5
199
100
AcDbEntity
8
dimensions
6
ByLayer
62
256
370
-1
100
AcDbDimension
2
*D3
10
1183.94245
20
839.71989
30
0
11
1183.94245
21
862.79853
31
0
70
33
71
5
3
Standard
53
0
210
0
220
0
230
1
100
AcDbAlignedDimension
13
1151.29693
23
885.87717
33
0
14
1151.29693
24
839.71989
34
0
0
DIMENSION
5
19A
100
AcDbEntity
8
dimensions
6
ByLayer
62
256
370
-1
100
AcDbDimension
2
*D4
10
161.28046
20
1115.58442
30
0
11
161.28046
21
1256.17913
31
0
70
33
71
5
3
Standard
53
0
210
0
220
0
230
1
100
AcDbAlignedDimension
13
181.68258
23
1396.77384
33
0
14
181.68258
24
1115.58442
34
0
0
DIMENSION
5
19B
100
AcDbEntity
8
dimensions
6
ByLayer
62
256
370
-1
100
AcDbDimension
2
*D5
10
1142.5701
20
846.02265
30
0
11
1014.18785
21
846.02265
31
0
70
33
71
5
3
Standard
53
0
210
0
220
0
230
1
100
AcDbAlignedDimension
13
885.8056
23
806.02265
33
0
14
1142.5701
24
806.02265
34
0
0
DIMENSION
5
19C
100
AcDbEntity
8
dimensions
6
ByLayer
62
256
370
-1
100
AcDbDimension
2
*D6
10
526.60475
20
147.29862
30
0
11
337.099875
21
147.29862
31
0
70
33
71
5
3
Standard
53
0
210
0
220
0
230
1
100
AcDbAlignedDimension
13
147.595
23
107.29862
33
0
14
526.60475
24
107.29862
34
0
0
DIMENSION
5
19D
100
AcDbEntity
8
dimensions
6
ByLayer
62
256
370
-1
100
AcDbDimension
2
*D7
10
534.60475
20
147.29862
30
0
11
530.60475
21
147.29862
31
0
70
33
71
5
3
Standard
53
0
210
0
220
0
230
1
100
AcDbAlignedDimension
13
526.60475
23
107.29862
33
0
14
534.60475
24
107.29862
34
0
0
DIMENSION
5
19E
100
AcDbEntity
8
dimensions
6
ByLayer
62
256
370
-1
100
AcDbDimension
2
*D8
10
614.595
20
147.29862
30
0
11
574.599875
21
147.29862
31
0
70
33
71
5
3
Standard
53
0
210
0
220
0
230
1
100
AcDbAlignedDimension
13
534.60475
23
107.29862
33
0
14
614.595
24
107.29862
34
0
0
DIMENSION
5
19F
100
AcDbEntity
8
dimensions
6
ByLayer
62
256
370
-1
100
AcDbDimension
2
*D9
10
298.84784
20
223.02994
30
0
11
298.84784
21
178.40133
31
0
70
33
71
5
3
Standard
53
0
210
0
220
0
230
1
100
AcDbAlignedDimension
13
383.50827
23
133.77272
33
0
14
383.50827
24
223.02994
34
0
0
DIMENSION
5
1A0
100
AcDbEntity
8
dimensions
6
ByLayer
62
256
370
-1
100
AcDbDimension
2
*D10
10
367.595
20
378.49345
30
0
11
367.595
21
427.376095
31
0
70
33
71
5
3
Standard
53
0
210
0
220
0
230
1
100
AcDbAlignedDimension
13
327.595
23
476.25874
33
0
14
327.595
24
378.49345
34
0
0
DIMENSION
5
1A1
100
AcDbEntity
8
dimensions
6
ByLayer
62
256
370
-1
100
AcDbDimension
2
*D11
10
267.04252
20
357.66829
30
0
11
235.26215
21
357.66829
31
0
70
33
71
5
3
Standard
53
0
210
0
220
0
230
1
100
AcDbAlignedDimension
13
203.48178
23
314.49924
33
0
14
267.04252
24
314.49924
34
0
0
DIMENSION
5
1A2
100
AcDbEntity
8
dimensions
6
ByLayer
62
256
370
-1
100
AcDbDimension
2
*D12
10
614.76523673
20
378.81818001
30
0
11
409.20862673
21
379.69302001
31
0
70
33
71
5
3
Standard
53
0
210
0
220
0
230
1
100
AcDbAlignedDimension
13
203.48178
23
340.56822
33
0
14
614.595
24
338.81854
34
0
0
DIMENSION
5
1A3
100
AcDbEntity
8
dimensions
6
ByLayer
62
256
370
-1
100
AcDbDimension
2
*D13
10
234.87895
20
355.60047756
30
0
11
234.87895
21
440.92960878
31
0
70
33
71
5
3
Standard
53
0
210
0
220
0
230
1
100
AcDbAlignedDimension
13
194.87895
23
526.25874
33
0
14
194.87895
24
355.60047756
34
0
0
DIMENSION
5
1A4
100
AcDbEntity
8
dimensions
6
ByLayer
62
256
370
-1
100
AcDbDimension
2
*D14
10
234.87895
20
314.4992355
30
0
11
234.87895
21
335.04985653
31
0
70
33
71
5
3
Standard
53
0
210
0
220
0
230
1
100
AcDbAlignedDimension
13
194.87895
23
355.60047756
33
0
14
194.87895
24
314.4992355
34
0
0
DIMENSION
5
1A5
100
AcDbEntity
8
dimensions
6
ByLayer
62
256
370
-1
100
AcDbDimension
2
*D15
10
234.87895
20
75.65109
30
0
11
234.87895
21
195.07516275
31
0
70
33
71
5
3
Standard
53
0
210
0
220
0
230
1
100
AcDbAlignedDimension
13
194.87895
23
314.4992355
33
0
14
194.87895
24
75.65109
34
0
0
DIMENSION
5
1A6
100
AcDbEntity
8
dimensions
6
ByLayer
62
256
370
-1
100
AcDbDimension
2
*D16
10
433.4299
20
561.42229
30
0
11
433.4299
21
543.840515
31
0
70
33
71
5
3
Standard
53
0
210
0
220
0
230
1
100
AcDbAlignedDimension
13
415.13989
23
526.25874
33
0
14
415.13989
24
561.42229
34
0
0
DIMENSION
5
1A7
100
AcDbEntity
8
dimensions
6
ByLayer
62
256
370
-1
100
AcDbDimension
2
*D17
10
433.4299
20
561.62202
30
0
11
433.4299
21
561.522155
31
0
70
33
71
5
3
Standard
53
0
210
0
220
0
230
1
100
AcDbAlignedDimension
13
415.13989
23
561.42229
33
0
14
415.13989
24
561.62202
34
0
0
DIMENSION
5
1A8
100
AcDbEntity
8
dimensions
6
ByLayer
62
256
370
-1
100
AcDbDimension
2
*D18
10
619.68316
20
610.42229
30
0
11
563.911525
21
610.42229
31
0
70
33
71
5
3
Standard
53
0
210
0
220
0
230
1
100
AcDbAlignedDimension
13
508.13989
23
570.42229
33
0
14
619.68316
24
570.42229
34
0
0
DIMENSION
5
1A9
100
AcDbEntity
8
dimensions
6
ByLayer
62
256
370
-1
100
AcDbDimension
2
*D19
10
362.70976
20
1206.5920214
30
0
11
362.70976
21
1161.7307157
31
0
70
33
71
5
3
Standard
53
0
210
0
220
0
230
1
100
AcDbAlignedDimension
13
402.70976
23
1116.86941
33
0
14
402.70976
24
1206.5920214
34
0
0
DIMENSION
5
1AA
100
AcDbEntity
8
dimensions
6
ByLayer
62
256
370
-1
100
AcDbDimension
2
*D20
10
362.70976
20
1216.45268286
30
0
11
362.70976
21
1211.52235213
31
0
70
33
71
5
3
Standard
53
0
210
0
220
0
230
1
100
AcDbAlignedDimension
13
402.70976
23
1206.5920214
33
0
14
402.70976
24
1216.45268286
34
0
0
DIMENSION
5
1AB
100
AcDbEntity
8
dimensions
6
ByLayer
62
256
370
-1
100
AcDbDimension
2
*D21
10
362.70976
20
1456.77384
30
0
11
362.70976
21
1336.61326143
31
0
70
33
71
5
3
Standard
53
0
210
0
220
0
230
1
100
AcDbAlignedDimension
13
402.70976
23
1216.45268286
33
0
14
402.70976
24
1456.77384
34
0
0
DIMENSION
5
1AC
100
AcDbEntity
8
dimensions
6
ByLayer
62
256
370
-1
100
AcDbDimension
2
*D22
10
788.86987
20
769.17949
30
0
11
662.538785
21
769.17949
31
0
70
33
71
5
3
Standard
53
0
210
0
220
0
230
1
100
AcDbAlignedDimension
13
536.2077
23
756.44162
33
0
14
788.86987
24
756.44162
34
0
0
DIMENSION
5
1AD
100
AcDbEntity
8
dimensions
6
ByLayer
62
256
370
-1
100
AcDbDimension
2
*D23
10
742.87687
20
726.972
30
0
11
742.87687
21
802.989455
31
0
70
33
71
5
3
Standard
53
0
210
0
220
0
230
1
100
AcDbAlignedDimension
13
702.87687
23
879.00691
33
0
14
702.87687
24
726.972
34
0
0
DIMENSION
5
1AE
100
AcDbEntity
8
dimensions
6
ByLayer
62
256
370
-1
100
AcDbDimension
2
*D24
10
780.70514
20
965.39835205
30
0
11
780.70514
21
1034.77638603
31
0
70
33
71
5
3
Standard
53
0
210
0
220
0
230
1
100
AcDbAlignedDimension
13
740.70514
23
1104.15442
33
0
14
740.70514
24
965.39835205
34
0
0
DIMENSION
5
1AF
100
AcDbEntity
8
dimensions
6
ByLayer
62
256
370
-1
100
AcDbDimension
2
*D25
10
780.70514
20
905.36119
30
0
11
780.70514
21
935.37977103
31
0
70
33
71
5
3
Standard
53
0
210
0
220
0
230
1
100
AcDbAlignedDimension
13
740.70514
23
965.39835205
33
0
14
740.70514
24
905.36119
34
0
0
DIMENSION
5
1B0
100
AcDbEntity
8
dimensions
6
ByLayer
62
256
370
-1
100
AcDbDimension
2
*D26
10
725.07582335
20
953.94246
30
0
11
630.64176167
21
953.94246
31
0
70
33
71
5
3
Standard
53
0
210
0
220
0
230
1
100
AcDbAlignedDimension
13
536.2077
23
913.94246
33
0
14
725.07582335
24
913.94246
34
0
0
DIMENSION
5
1B1
100
AcDbEntity
8
dimensions
6
ByLayer
62
256
370
-1
100
AcDbDimension
2
*D27
10
788.86987
20
953.94246
30
0
11
756.97284667
21
953.94246
31
0
70
33
71
5
3
Standard
53
0
210
0
220
0
230
1
100
AcDbAlignedDimension
13
725.07582335
23
913.94246
33
0
14
788.86987
24
913.94246
34
0
0
DIMENSION
5
1B2
100
AcDbEntity
8
dimensions
6
ByLayer
62
256
370
-1
100
AcDbDimension
2
*D28
10
73.70999
20
1510.9838
30
0
11
65.454995
21
1510.9838
31
0
70
33
71
5
3
Standard
53
0
210
0
220
0
230
1
100
AcDbAlignedDimension
13
57.2
23
1484.9838
33
0
14
73.70999
24
1484.9838
34
0
0
DIMENSION
5
1B3
100
AcDbEntity
8
dimensions
6
ByLayer
62
256
370
-1
100
AcDbDimension
2
*D29
10
1354.7269
20
1510.9838
30
0
11
714.218445
21
1510.9838
31
0
70
33
71
5
3
Standard
53
0
210
0
220
0
230
1
100
AcDbAlignedDimension
13
73.70999
23
1484.9838
33
0
14
1354.7269
24
1484.9838
34
0
0
DIMENSION
5
1B4
100
AcDbEntity
8
dimensions
6
ByLayer
62
256
370
-1
100
AcDbDimension
2
*D30
10
73.70999
20
19.5
30
0
11
65.454995
21
19.5
31
0
70
33
71
5
3
Standard
53
0
210
0
220
0
230
1
100
AcDbAlignedDimension
13
57.2
23
45.5
33
0
14
73.70999
24
45.5
34
0
0
DIMENSION
5
1B5
100
AcDbEntity
8
dimensions
6
ByLayer
62
256
370
-1
100
AcDbDimension
2
*D31
10
1354.7269
20
19.5
30
0
11
714.218445
21
19.5
31
0
70
33
71
5
3
Standard
53
0
210
0
220
0
230
1
100
AcDbAlignedDimension
13
73.70999
23
45.5
33
0
14
1354.7269
24
45.5
34
0
0
DIMENSION
5
1B6
100
AcDbEntity
8
dimensions
6
ByLayer
62
256
370
-1
100
AcDbDimension
2
*D32
10
19.5
20
1456.77384
30
0
11
19.5
21
1465.02882
31
0
70
33
71
5
3
Standard
53
0
210
0
220
0
230
1
100
AcDbAlignedDimension
13
45.5
23
1473.2838
33
0
14
45.5
24
1456.77384
34
0
0
DIMENSION
5
1B7
100
AcDbEntity
8
dimensions
6
ByLayer
62
256
370
-1
100
AcDbDimension
2
*D33
10
19.5
20
73.77272346
30
0
11
19.5
21
765.27328173
31
0
70
33
71
5
3
Standard
53
0
210
0
220
0
230
1
100
AcDbAlignedDimension
13
45.5
23
1456.77384
33
0
14
45.5
24
73.77272346
34
0
0
DIMENSION
5
1B8
100
AcDbEntity
8
dimensions
6
ByLayer
62
256
370
-1
100
AcDbDimension
2
*D34
10
19.5
20
57.2
30
0
11
19.5
21
65.48636173
31
0
70
33
71
5
3
Standard
53
0
210
0
220
0
230
1
100
AcDbAlignedDimension
13
45.5
23
73.77272346
33
0
14
45.5
24
57.2
34
0
0
DIMENSION
5
1B9
100
AcDbEntity
8
dimensions
6
ByLayer
62
256
370
-1
100
AcDbDimension
2
*D35
10
1392.4269
20
1456.77384
30
0
11
1392.4269
21
1465.02882
31
0
70
33
71
5
3
Standard
53
0
210
0
220
0
230
1
100
AcDbAlignedDimension
13
1366.4269
23
1473.2838
33
0
14
1366.4269
24
1456.77384
34
0
0
DIMENSION
5
1BA
100
AcDbEntity
8
dimensions
6
ByLayer
62
256
370
-1
100
AcDbDimension
2
*D36
10
1392.4269
20
73.77272346
30
0
11
1392.4269
21
765.27328173
31
0
70
33
71
5
3
Standard
53
0
210
0
220
0
230
1
100
AcDbAlignedDimension
13
1366.4269
23
1456.77384
33
0
14
1366.4269
24
73.77272346
34
0
0
DIMENSION
5
1BB
100
AcDbEntity
8
dimensions
6
ByLayer
62
256
370
-1
100
AcDbDimension
2
*D37
10
1392.4269
20
57.2
30
0
11
1392.4269
21
65.48636173
31
0
70
33
71
5
3
Standard
53
0
210
0
220
0
230
1
100
AcDbAlignedDimension
13
1366.4269
23
73.77272346
33
0
14
1366.4269
24
57.2
34
0
0
LWPOLYLINE
5
1BC
100
AcDbEntity
8
walls
6
ByLayer
62
256
370
-1
100
AcDbPolyline
90
24
70
1
10
526.6038
20
269.2049
10
526.6038
20
269.9109
10
498.595
20
269.9109
10
498.595
20
338.8185
10
614.595
20
338.8185
10
614.595
20
364.2346
10
623.595
20
364.2346
10
623.595
20
211.2506
10
640.9264
20
211.2506
10
640.9264
20
194.7406
10
631.105
20
194.7406
10
631.105
20
59.0974
10
131.085
20
57.2
10
131.085
20
152.5361
10
147.595
20
152.5361
10
147.595
20
73.7727
10
526.6038
20
75.2109
10
526.6038
20
94.3732
10
534.6058
20
94.3732
10
534.6058
20
75.2413
10
614.595
20
75.5448
10
614.595
20
269.9109
10
534.6058
20
269.9109
10
534.6058
20
269.2049
0
LWPOLYLINE
5
1BD
100
AcDbEntity
8
walls
6
ByLayer
62
256
370
-1
100
AcDbPolyline
90
64
70
1
10
536.2077
20
1115.5844
10
627.2077
20
1115.5844
10
627.2077
20
1104.1544
10
536.2077
20
1104.1544
10
536.2077
20
913.9425
10
725.0758
20
913.9425
10
725.0751
20
965.3981
10
788.8692
20
965.399
10
788.8699
20
1104.1544
10
713.2077
20
1104.1544
10
713.2077
20
1115.5844
10
811.1541
20
1115.5844
10
811.1541
20
1099.0744
10
800.8698
20
1099.0744
10
800.8693
20
989.0501
10
1251.2969
20
987.3928
10
1251.2969
20
745.1954
10
1354.7369
20
745.1954
10
1354.7369
20
445.1754
10
1251.6817
20
445.1754
10
1251.6817
20
280.9148
10
1251.6524
20
280.9148
10
1251.6524
20
194.7406
10
734.9264
20
194.7406
10
734.9264
20
211.2506
10
784.8797
20
211.2506
10
784.8797
20
291.1824
10
738.1387
20
291.1824
10
738.1387
20
338.85
10
799.6406
20
338.85
10
799.6406
20
291.1844
10
799.6407
20
291.1844
10
799.6407
20
211.2506
10
1231.6524
20
211.2506
10
1231.6524
20
295.9614
10
1151.2969
20
295.9614
10
1151.2969
20
340.9148
10
1201.6817
20
340.9148
10
1201.6817
20
400.1586
10
1151.2969
20
400.1586
10
1151.2969
20
443.5913
10
1162.7469
20
443.5913
10
1162.7469
20
445.1854
10
1354.7269
20
445.1854
10
1354.7269
20
745.1854
10
1162.7269
20
745.1854
10
1162.7269
20
743.2851
10
1151.2969
20
743.2851
10
1151.2969
20
971.2506
10
800.2992
20
972.542
10
800.2975
20
715.542
10
524.4587
20
715.542
10
524.4587
20
789.4599
10
536.2077
20
789.4599
10
536.2077
20
726.972
10
788.8699
20
726.972
10
788.8699
20
845.6193
10
725.0763
20
845.6193
10
725.0763
20
879.5744
10
536.2077
20
879.5744
10
536.2077
20
879.4599
10
524.4587
20
879.4599
10
524.4587
20
1120.3946
10
536.2077
20
1120.3946
0
LWPOLYLINE
5
1BE
100
AcDbEntity
8
walls
6
ByLayer
62
256
370
-1
100
AcDbPolyline
90
12
70
1
10
147.595
20
355.6005
10
203.4818
20
355.6005
10
203.4818
20
314.4992
10
147.595
20
314.4992
10
147.595
20
272.5361
10
131.085
20
272.5361
10
131.085
20
331.0092
10
186.9718
20
331.0092
10
186.9718
20
339.0905
10
131.085
20
339.0905
10
131.085
20
378.0157
10
147.595
20
378.0157
0
LWPOLYLINE
5
1BF
100
AcDbEntity
8
walls
6
ByLayer
62
256
370
-1
100
AcDbPolyline
90
18
70
1
10
415.1399
20
570.4233
10
508.1409
20
570.4233
10
508.1409
20
561.4213
10
415.1399
20
561.4213
10
415.1399
20
526.2587
10
147.595
20
526.2587
10
147.595
20
467.5659
10
131.085
20
467.5659
10
131.085
20
522.0851
10
125.5382
20
522.0851
10
125.5382
20
538.5951
10
403.7099
20
538.5951
10
403.7099
20
735.3625
10
343.7798
20
735.3625
10
343.7798
20
745.1782
10
403.7099
20
745.1782
10
403.7099
20
745.4234
10
415.1399
20
745.4234
0
LWPOLYLINE
5
1C0
100
AcDbEntity
8
walls
6
ByLayer
62
256
370
-1
100
AcDbPolyline
90
4
70
1
10
73.71
20
522.0851
10
57.2
20
522.0851
10
57.2
20
538.5951
10
73.71
20
538.5951
0
LWPOLYLINE
5
1C1
100
AcDbEntity
8
walls
6
ByLayer
62
256
370
-1
100
AcDbPolyline
90
20
70
1
10
415.1399
20
1097.5735
10
145.1399
20
1097.5735
10
145.1399
20
916.0404
10
230.1399
20
916.0404
10
230.1399
20
857.9786
10
415.1399
20
857.9786
10
415.1399
20
836.0239
10
403.7099
20
836.0239
10
403.7099
20
838.5862
10
121.447
20
838.5862
10
121.447
20
855.0962
10
213.6299
20
855.0962
10
213.6299
20
899.5304
10
128.6299
20
899.5304
10
128.6299
20
1105.5644
10
131.0376
20
1105.5644
10
131.0376
20
1115.5844
10
402.7098
20
1115.5844
10
402.7098
20
1116.8694
10
415.1399
20
1116.8694
0
LWPOLYLINE
5
1C2
100
AcDbEntity
8
walls
6
ByLayer
62
256
370
-1
100
AcDbPolyline
90
4
70
1
10
73.71
20
838.5862
10
57.2
20
838.5862
10
57.2
20
855.0962
10
73.71
20
855.0962
0
LWPOLYLINE
5
1C3
100
AcDbEntity
8
walls
6
ByLayer
62
256
370
-1
100
AcDbPolyline
90
8
70
1
10
737.0753
20
953.3983
10
737.076
20
901.9425
10
540.9687
20
901.9425
10
540.9687
20
891.5744
10
737.0763
20
891.5744
10
737.0763
20
857.6193
10
783.7884
20
857.6193
10
783.7891
20
953.399
0
LWPOLYLINE
5
1C4
100
AcDbEntity
8
walls
6
ByLayer
62
256
370
-1
100
AcDbPolyline
90
4
70
1
10
875.7177
20
1099.0744
10
859.2077
20
1099.0744
10
859.2077
20
1116.2836
10
875.7177
20
1116.2836
0
LWPOLYLINE
5
1C5
100
AcDbEntity
8
walls
6
ByLayer
62
256
370
-1
100
AcDbPolyline
90
4
70
1
10
86.7099
20
1105.5844
10
70.1998
20
1105.5844
10
70.1998
20
1115.5844
10
86.7099
20
1115.5844
0
LWPOLYLINE
5
1C6
100
AcDbEntity
8
walls
6
ByLayer
62
256
370
-1
100
AcDbPolyline
90
26
70
1
10
419.2198
20
1473.0944
10
723.9898
20
1473.0944
10
723.9898
20
1412.9484
10
811.1541
20
1412.9484
10
811.1541
20
1396.4384
10
707.4798
20
1396.4384
10
707.4798
20
1456.5844
10
536.2077
20
1456.5844
10
536.2077
20
1205.3946
10
524.4587
20
1205.3946
10
524.4587
20
1206.8811
10
415.1399
20
1206.8811
10
415.1399
20
1206.592
10
402.7098
20
1206.592
10
402.7098
20
1456.7738
10
232.7098
20
1456.7738
10
232.7098
20
1396.7738
10
140.7098
20
1396.7738
10
140.7098
20
1456.5844
10
140.7097
20
1456.5844
10
140.7097
20
1473.0944
10
157.2198
20
1473.0944
10
157.2198
20
1413.2838
10
216.1998
20
1413.2838
10
216.1998
20
1473.2838
10
419.2198
20
1473.2838
0
LWPOLYLINE
5
1C7
100
AcDbEntity
8
walls
6
ByLayer
62
256
370
-1
100
AcDbPolyline
90
4
70
1
10
415.1399
20
1456.5844
10
415.1399
20
1216.8831
10
524.4587
20
1216.8831
10
524.4587
20
1456.5844
0
LWPOLYLINE
5
1C8
100
AcDbEntity
8
walls
6
ByLayer
62
256
370
-1
100
AcDbPolyline
90
4
70
1
10
875.7177
20
1396.4384
10
859.2077
20
1396.4384
10
859.2077
20
1412.9484
10
875.7177
20
1412.9484
0
LWPOLYLINE
5
1C9
100
AcDbEntity
8
walls
6
ByLayer
62
256
370
-1
100
AcDbPolyline
90
4
70
1
10
86.7099
20
1456.5844
10
70.1998
20
1456.5844
10
70.1998
20
1473.0944
10
86.7099
20
1473.0944
0
LWPOLYLINE
5
1CA
100
AcDbEntity
8
symbols
6
ByLayer
62
256
370
-1
100
AcDbPolyline
90
44
70
1
10
784.2077
20
1342.72766
10
783.39667403
20
1342.66221844
10
782.62731328
20
1342.47275668
10
781.90991213
20
1342.16956909
10
781.25476494
20
1341.76295004
10
780.67216609
20
1341.26319391
10
780.17240996
20
1340.68059506
10
779.76579091
20
1340.02544787
10
779.46260332
20
1339.30804672
10
779.27314156
20
1338.53868597
10
779.2077
20
1337.72766
10
779.2077
20
1187.72766
10
779.27314156
20
1186.91663403
10
779.46260332
20
1186.14727328
10
779.76579091
20
1185.42987213
10
780.17240996
20
1184.77472494
10
780.67216609
20
1184.19212609
10
781.25476494
20
1183.69236996
10
781.90991213
20
1183.28575091
10
782.62731328
20
1182.98256332
10
783.39667403
20
1182.79310156
10
784.2077
20
1182.72766
10
854.2077
20
1182.72766
10
855.01872597
20
1182.79310156
10
855.78808672
20
1182.98256332
10
856.50548787
20
1183.28575091
10
857.16063506
20
1183.69236996
10
857.74323391
20
1184.19212609
10
858.24299004
20
1184.77472494
10
858.64960909
20
1185.42987213
10
858.95279668
20
1186.14727328
10
859.14225844
20
1186.91663403
10
859.2077
20
1187.72766
10
859.2077
20
1337.72766
10
859.14225844
20
1338.53868597
10
858.95279668
20
1339.30804672
10
858.64960909
20
1340.02544787
10
858.24299004
20
1340.68059506
10
857.74323391
20
1341.26319391
10
857.16063506
20
1341.76295004
10
856.50548787
20
1342.16956909
10
855.78808672
20
1342.47275668
10
855.01872597
20
1342.66221844
10
854.2077
20
1342.72766
0
LWPOLYLINE
5
1CB
100
AcDbEntity
8
symbols
6
ByLayer
62
256
370
-1
100
AcDbPolyline
90
82
70
1
10
739.17383
20
1228.66936
10
737.25478256
20
1228.71766444
10
735.43863456
20
1228.87012346
10
733.72538598
20
1229.12673704
10
732.11503683
20
1229.48750519
10
730.60758712
20
1229.9524279
10
729.20303683
20
1230.52150519
10
727.90138598
20
1231.19473704
10
726.70263456
20
1231.97212346
10
725.60678256
20
1232.85366444
10
724.61383
20
1233.83936
10
722.97809596
20
1235.699501
10
721.62503547
20
1237.38531615
10
720.52862378
20
1238.95991589
10
719.66283615
20
1240.48641067
10
719.00164784
20
1242.02791093
10
718.5190341
20
1243.64752711
10
718.18897019
20
1245.40836967
10
717.98543137
20
1247.37354904
10
717.88239288
20
1249.60617567
10
717.85383
20
1252.16936
10
717.88239288
20
1254.73254433
10
717.98543137
20
1256.96517096
10
718.18897019
20
1258.93035033
10
718.5190341
20
1260.69119289
10
719.00164784
20
1262.31080907
10
719.66283615
20
1263.85230933
10
720.52862378
20
1265.37880411
10
721.62503547
20
1266.95340385
10
722.97809596
20
1268.639219
10
724.61383
20
1270.49936
10
725.60678256
20
1271.48505556
10
726.70263456
20
1272.36659654
10
727.90138598
20
1273.14398296
10
729.20303683
20
1273.81721481
10
730.60758712
20
1274.3862921
10
732.11503683
20
1274.85121481
10
733.72538598
20
1275.21198296
10
735.43863456
20
1275.46859654
10
737.25478256
20
1275.62105556
10
739.17383
20
1275.66936
10
753.21383
20
1275.38736
10
754.96164622
20
1275.32845519
10
756.59839216
20
1275.17401811
10
758.12406784
20
1274.92404877
10
759.53867324
20
1274.57854717
10
760.84220838
20
1274.1375133
10
762.03467324
20
1273.60094717
10
763.11606784
20
1272.96884877
10
764.08639216
20
1272.24121811
10
764.94564622
20
1271.41805519
10
765.69383
20
1270.49936
10
766.99050189
20
1268.5868385
10
767.99146459
20
1266.87062973
10
768.73421973
20
1265.28374321
10
769.25626892
20
1263.75918845
10
769.59511378
20
1262.22997497
10
769.78825594
20
1260.6291123
10
769.87319703
20
1258.88960995
10
769.88743865
20
1256.94447743
10
769.86848243
20
1254.72672428
10
769.85383
20
1252.16936
10
769.86848243
20
1249.61199572
10
769.88743865
20
1247.39424257
10
769.87319703
20
1245.44911005
10
769.78825594
20
1243.7096077
10
769.59511378
20
1242.10874503
10
769.25626892
20
1240.57953155
10
768.73421973
20
1239.05497679
10
767.99146459
20
1237.46809027
10
766.99050189
20
1235.7518815
10
765.69383
20
1233.83936
10
764.94564622
20
1232.92066481
10
764.08639216
20
1232.09750189
10
763.11606784
20
1231.36987123
10
762.03467324
20
1230.73777283
10
760.84220838
20
1230.2012067
10
759.53867324
20
1229.76017283
10
758.12406784
20
1229.41467123
10
756.59839216
20
1229.16470189
10
754.96164622
20
1229.01026481
10
753.21383
20
1228.95136
0
LWPOLYLINE
5
1CC
100
AcDbEntity
8
symbols
6
ByLayer
62
256
370
-1
100
AcDbPolyline
90
21
70
0
10
739.17383
20
1228.66936
10
738.28463
20
1231.01936
10
737.48903
20
1233.36936
10
736.78703
20
1235.71936
10
736.17863
20
1238.06936
10
735.66383
20
1240.41936
10
735.24263
20
1242.76936
10
734.91503
20
1245.11936
10
734.68103
20
1247.46936
10
734.54063
20
1249.81936
10
734.49383
20
1252.16936
10
734.54063
20
1254.51936
10
734.68103
20
1256.86936
10
734.91503
20
1259.21936
10
735.24263
20
1261.56936
10
735.66383
20
1263.91936
10
736.17863
20
1266.26936
10
736.78703
20
1268.61936
10
737.48903
20
1270.96936
10
738.28463
20
1273.31936
10
739.17383
20
1275.66936
0
LWPOLYLINE
5
1CD
100
AcDbEntity
8
symbols
6
ByLayer
62
256
370
-1
100
AcDbPolyline
90
2
70
0
10
268.70999
20
612.19981
10
78.70999
20
612.19981
0
LWPOLYLINE
5
1CE
100
AcDbEntity
8
symbols
6
ByLayer
62
256
370
-1
100
AcDbPolyline
90
2
70
0
10
268.70999
20
762.19981
10
78.70999
20
762.19981
0
LWPOLYLINE
5
1CF
100
AcDbEntity
8
symbols
6
ByLayer
62
256
370
-1
100
AcDbPolyline
90
2
70
0
10
268.70999
20
607.19981
10
268.70999
20
767.19981
0
LWPOLYLINE
5
1D0
100
AcDbEntity
8
symbols
6
ByLayer
62
256
370
-1
100
AcDbPolyline
90
2
70
0
10
78.70999
20
607.19981
10
78.70999
20
767.19981
0
LWPOLYLINE
5
1D1
100
AcDbEntity
8
symbols
6
ByLayer
62
256
370
-1
100
AcDbPolyline
90
4
70
1
10
273.70999
20
607.19981
10
273.70999
20
767.19981
10
73.70999
20
767.19981
10
73.70999
20
607.19981
0
LWPOLYLINE
5
1D2
100
AcDbEntity
8
symbols
6
ByLayer
62
256
370
-1
100
AcDbPolyline
90
44
70
1
10
110.70999
20
617.19981
10
111.19660558
20
617.23907494
10
111.65822203
20
617.35275199
10
112.08866272
20
617.53466455
10
112.48175104
20
617.77863598
10
112.83131034
20
618.07848966
10
113.13116402
20
618.42804896
10
113.37513545
20
618.82113728
10
113.55704801
20
619.25157797
10
113.67072506
20
619.71319442
10
113.70999
20
620.19981
10
113.70999
20
681.69981
10
113.67072506
20
682.18642558
10
113.55704801
20
682.64804203
10
113.37513545
20
683.07848272
10
113.13116402
20
683.47157104
10
112.83131034
20
683.82113034
10
112.48175104
20
684.12098402
10
112.08866272
20
684.36495545
10
111.65822203
20
684.54686801
10
111.19660558
20
684.66054506
10
110.70999
20
684.69981
10
86.70999
20
684.69981
10
86.22337442
20
684.66054506
10
85.76175797
20
684.54686801
10
85.33131728
20
684.36495545
10
84.93822896
20
684.12098402
10
84.58866966
20
683.82113034
10
84.28881598
20
683.47157104
10
84.04484455
20
683.07848272
10
83.86293199
20
682.64804203
10
83.74925494
20
682.18642558
10
83.70999
20
681.69981
10
83.70999
20
620.19981
10
83.74925494
20
619.71319442
10
83.86293199
20
619.25157797
10
84.04484455
20
618.82113728
10
84.28881598
20
618.42804896
10
84.58866966
20
618.07848966
10
84.93822896
20
617.77863598
10
85.33131728
20
617.53466455
10
85.76175797
20
617.35275199
10
86.22337442
20
617.23907494
10
86.70999
20
617.19981
0
LWPOLYLINE
5
1D3
100
AcDbEntity
8
symbols
6
ByLayer
62
256
370
-1
100
AcDbPolyline
90
44
70
1
10
110.70999
20
689.69981
10
111.19660558
20
689.73907494
10
111.65822203
20
689.85275199
10
112.08866272
20
690.03466455
10
112.48175104
20
690.27863598
10
112.83131034
20
690.57848966
10
113.13116402
20
690.92804896
10
113.37513545
20
691.32113728
10
113.55704801
20
691.75157797
10
113.67072506
20
692.21319442
10
113.70999
20
692.69981
10
113.70999
20
754.19981
10
113.67072506
20
754.68642558
10
113.55704801
20
755.14804203
10
113.37513545
20
755.57848272
10
113.13116402
20
755.97157104
10
112.83131034
20
756.32113034
10
112.48175104
20
756.62098402
10
112.08866272
20
756.86495545
10
111.65822203
20
757.04686801
10
111.19660558
20
757.16054506
10
110.70999
20
757.19981
10
86.70999
20
757.19981
10
86.22337442
20
757.16054506
10
85.76175797
20
757.04686801
10
85.33131728
20
756.86495545
10
84.93822896
20
756.62098402
10
84.58866966
20
756.32113034
10
84.28881598
20
755.97157104
10
84.04484455
20
755.57848272
10
83.86293199
20
755.14804203
10
83.74925494
20
754.68642558
10
83.70999
20
754.19981
10
83.70999
20
692.69981
10
83.74925494
20
692.21319442
10
83.86293199
20
691.75157797
10
84.04484455
20
691.32113728
10
84.28881598
20
690.92804896
10
84.58866966
20
690.57848966
10
84.93822896
20
690.27863598
10
85.33131728
20
690.03466455
10
85.76175797
20
689.85275199
10
86.22337442
20
689.73907494
10
86.70999
20
689.69981
0
LWPOLYLINE
5
1D4
100
AcDbEntity
8
symbols
6
ByLayer
62
256
370
-1
100
AcDbPolyline
90
4
70
1
10
343.710055
20
735.127325
10
343.710055
20
538.595135
10
403.709885
20
538.595135
10
403.709885
20
735.127325
0
LWPOLYLINE
5
1D5
100
AcDbEntity
8
symbols
6
ByLayer
62
256
370
-1
100
AcDbPolyline
90
2
70
0
10
345.710055
20
735.127325
10
345.710055
20
538.595135
0
LWPOLYLINE
5
1D6
100
AcDbEntity
8
symbols
6
ByLayer
62
256
370
-1
100
AcDbPolyline
90
2
70
0
10
345.710055
20
636.86123
10
343.710055
20
636.86123
0
LWPOLYLINE
5
1D7
100
AcDbEntity
8
symbols
6
ByLayer
62
256
370
-1
100
AcDbPolyline
90
3
70
0
10
343.710055
20
634.86123
10
341.710055
20
634.86123
10
341.710055
20
631.86123
0
LWPOLYLINE
5
1D8
100
AcDbEntity
8
symbols
6
ByLayer
62
256
370
-1
100
AcDbPolyline
90
3
70
0
10
343.710055
20
638.86123
10
341.710055
20
638.86123
10
341.710055
20
641.86123
0
LWPOLYLINE
5
1D9
100
AcDbEntity
8
symbols
6
ByLayer
62
256
370
-1
100
AcDbPolyline
90
2
70
0
10
281.70978
20
1199.82012
10
91.70978
20
1199.82012
0
LWPOLYLINE
5
1DA
100
AcDbEntity
8
symbols
6
ByLayer
62
256
370
-1
100
AcDbPolyline
90
2
70
0
10
281.70978
20
1349.82012
10
91.70978
20
1349.82012
0
LWPOLYLINE
5
1DB
100
AcDbEntity
8
symbols
6
ByLayer
62
256
370
-1
100
AcDbPolyline
90
2
70
0
10
281.70978
20
1194.82012
10
281.70978
20
1354.82012
0
LWPOLYLINE
5
1DC
100
AcDbEntity
8
symbols
6
ByLayer
62
256
370
-1
100
AcDbPolyline
90
2
70
0
10
91.70978
20
1194.82012
10
91.70978
20
1354.82012
0
LWPOLYLINE
5
1DD
100
AcDbEntity
8
symbols
6
ByLayer
62
256
370
-1
100
AcDbPolyline
90
4
70
1
10
286.70978
20
1194.82012
10
286.70978
20
1354.82012
10
86.70978
20
1354.82012
10
86.70978
20
1194.82012
0
LWPOLYLINE
5
1DE
100
AcDbEntity
8
symbols
6
ByLayer
62
256
370
-1
100
AcDbPolyline
90
44
70
1
10
123.70978
20
1204.82012
10
124.19639558
20
1204.85938494
10
124.65801203
20
1204.97306199
10
125.08845272
20
1205.15497455
10
125.48154104
20
1205.39894598
10
125.83110034
20
1205.69879966
10
126.13095402
20
1206.04835896
10
126.37492545
20
1206.44144728
10
126.55683801
20
1206.87188797
10
126.67051506
20
1207.33350442
10
126.70978
20
1207.82012
10
126.70978
20
1269.32012
10
126.67051506
20
1269.80673558
10
126.55683801
20
1270.26835203
10
126.37492545
20
1270.69879272
10
126.13095402
20
1271.09188104
10
125.83110034
20
1271.44144034
10
125.48154104
20
1271.74129402
10
125.08845272
20
1271.98526545
10
124.65801203
20
1272.16717801
10
124.19639558
20
1272.28085506
10
123.70978
20
1272.32012
10
99.70978
20
1272.32012
10
99.22316442
20
1272.28085506
10
98.76154797
20
1272.16717801
10
98.33110728
20
1271.98526545
10
97.93801896
20
1271.74129402
10
97.58845966
20
1271.44144034
10
97.28860598
20
1271.09188104
10
97.04463455
20
1270.69879272
10
96.86272199
20
1270.26835203
10
96.74904494
20
1269.80673558
10
96.70978
20
1269.32012
10
96.70978
20
1207.82012
10
96.74904494
20
1207.33350442
10
96.86272199
20
1206.87188797
10
97.04463455
20
1206.44144728
10
97.28860598
20
1206.04835896
10
97.58845966
20
1205.69879966
10
97.93801896
20
1205.39894598
10
98.33110728
20
1205.15497455
10
98.76154797
20
1204.97306199
10
99.22316442
20
1204.85938494
10
99.70978
20
1204.82012
0
LWPOLYLINE
5
1DF
100
AcDbEntity
8
symbols
6
ByLayer
62
256
370
-1
100
AcDbPolyline
90
44
70
1
10
123.70978
20
1277.32012
10
124.19639558
20
1277.35938494
10
124.65801203
20
1277.47306199
10
125.08845272
20
1277.65497455
10
125.48154104
20
1277.89894598
10
125.83110034
20
1278.19879966
10
126.13095402
20
1278.54835896
10
126.37492545
20
1278.94144728
10
126.55683801
20
1279.37188797
10
126.67051506
20
1279.83350442
10
126.70978
20
1280.32012
10
126.70978
20
1341.82012
10
126.67051506
20
1342.30673558
10
126.55683801
20
1342.76835203
10
126.37492545
20
1343.19879272
10
126.13095402
20
1343.59188104
10
125.83110034
20
1343.94144034
10
125.48154104
20
1344.24129402
10
125.08845272
20
1344.48526545
10
124.65801203
20
1344.66717801
10
124.19639558
20
1344.78085506
10
123.70978
20
1344.82012
10
99.70978
20
1344.82012
10
99.22316442
20
1344.78085506
10
98.76154797
20
1344.66717801
10
98.33110728
20
1344.48526545
10
97.93801896
20
1344.24129402
10
97.58845966
20
1343.94144034
10
97.28860598
20
1343.59188104
10
97.04463455
20
1343.19879272
10
96.86272199
20
1342.76835203
10
96.74904494
20
1342.30673558
10
96.70978
20
1341.82012
10
96.70978
20
1280.32012
10
96.74904494
20
1279.83350442
10
96.86272199
20
1279.37188797
10
97.04463455
20
1278.94144728
10
97.28860598
20
1278.54835896
10
97.58845966
20
1278.19879966
10
97.93801896
20
1277.89894598
10
98.33110728
20
1277.65497455
10
98.76154797
20
1277.47306199
10
99.22316442
20
1277.35938494
10
99.70978
20
1277.32012
0
LWPOLYLINE
5
1E0
100
AcDbEntity
8
symbols
6
ByLayer
62
256
370
-1
100
AcDbPolyline
90
36
70
1
10
800.2992
20
737.542
10
800.2992
20
957.542
10
933.2992
20
957.542
10
934.43463636
20
957.45038182
10
935.51174141
20
957.18513535
10
936.51610302
20
956.76067272
10
937.43330908
20
956.19140606
10
938.24894747
20
955.49174747
10
938.94860606
20
954.67610908
10
939.51787272
20
953.75890302
10
939.94233535
20
952.75454141
10
940.20758182
20
951.67743636
10
940.2992
20
950.542
10
940.2992
20
894.542
10
940.20758182
20
893.40656364
10
939.94233535
20
892.32945859
10
939.51787272
20
891.32509698
10
938.94860606
20
890.40789092
10
938.24894747
20
889.59225253
10
937.43330908
20
888.89259394
10
936.51610302
20
888.32332728
10
935.51174141
20
887.89886465
10
934.43463636
20
887.63361818
10
933.2992
20
887.542
10
885.2992
20
887.542
10
885.2992
20
744.542
10
885.20758182
20
743.40656364
10
884.94233535
20
742.32945859
10
884.51787272
20
741.32509698
10
883.94860606
20
740.40789092
10
883.24894747
20
739.59225253
10
882.43330908
20
738.89259394
10
881.51610302
20
738.32332728
10
880.51174141
20
737.89886465
10
879.43463636
20
737.63361818
10
878.2992
20
737.542
0
LWPOLYLINE
5
1E1
100
AcDbEntity
8
symbols
6
ByLayer
62
256
370
-1
100
AcDbPolyline
90
44
70
1
10
875.2992
20
722.542
10
875.94802078
20
722.59435325
10
876.56350938
20
722.74592266
10
877.1374303
20
722.98847273
10
877.66154805
20
723.31376797
10
878.12762712
20
723.71357288
10
878.52743203
20
724.17965195
10
878.85272727
20
724.7037697
10
879.09527734
20
725.27769062
10
879.24684675
20
725.89317922
10
879.2992
20
726.542
10
879.2992
20
733.542
10
879.24684675
20
734.19082078
10
879.09527734
20
734.80630938
10
878.85272727
20
735.3802303
10
878.52743203
20
735.90434805
10
878.12762712
20
736.37042712
10
877.66154805
20
736.77023203
10
877.1374303
20
737.09552727
10
876.56350938
20
737.33807734
10
875.94802078
20
737.48964675
10
875.2992
20
737.542
10
809.2992
20
737.542
10
808.65037922
20
737.48964675
10
808.03489062
20
737.33807734
10
807.4609697
20
737.09552727
10
806.93685195
20
736.77023203
10
806.47077288
20
736.37042712
10
806.07096797
20
735.90434805
10
805.74567273
20
735.3802303
10
805.50312266
20
734.80630938
10
805.35155325
20
734.19082078
10
805.2992
20
733.542
10
805.2992
20
726.542
10
805.35155325
20
725.89317922
10
805.50312266
20
725.27769062
10
805.74567273
20
724.7037697
10
806.07096797
20
724.17965195
10
806.47077288
20
723.71357288
10
806.93685195
20
723.31376797
10
807.4609697
20
722.98847273
10
808.03489062
20
722.74592266
10
808.65037922
20
722.59435325
10
809.2992
20
722.542
0
LWPOLYLINE
5
1E2
100
AcDbEntity
8
symbols
6
ByLayer
62
256
370
-1
100
AcDbPolyline
90
44
70
1
10
875.2992
20
957.542
10
875.94802078
20
957.59435325
10
876.56350938
20
957.74592266
10
877.1374303
20
957.98847273
10
877.66154805
20
958.31376797
10
878.12762712
20
958.71357288
10
878.52743203
20
959.17965195
10
878.85272727
20
959.7037697
10
879.09527734
20
960.27769062
10
879.24684675
20
960.89317922
10
879.2992
20
961.542
10
879.2992
20
968.542
10
879.24684675
20
969.19082078
10
879.09527734
20
969.80630938
10
878.85272727
20
970.3802303
10
878.52743203
20
970.90434805
10
878.12762712
20
971.37042712
10
877.66154805
20
971.77023203
10
877.1374303
20
972.09552727
10
876.56350938
20
972.33807734
10
875.94802078
20
972.48964675
10
875.2992
20
972.542
10
809.2992
20
972.542
10
808.65037922
20
972.48964675
10
808.03489062
20
972.33807734
10
807.4609697
20
972.09552727
10
806.93685195
20
971.77023203
10
806.47077288
20
971.37042712
10
806.07096797
20
970.90434805
10
805.74567273
20
970.3802303
10
805.50312266
20
969.80630938
10
805.35155325
20
969.19082078
10
805.2992
20
968.542
10
805.2992
20
961.542
10
805.35155325
20
960.89317922
10
805.50312266
20
960.27769062
10
805.74567273
20
959.7037697
10
806.07096797
20
959.17965195
10
806.47077288
20
958.71357288
10
806.93685195
20
958.31376797
10
807.4609697
20
957.98847273
10
808.03489062
20
957.74592266
10
808.65037922
20
957.59435325
10
809.2992
20
957.542
0
LWPOLYLINE
5
1E3
100
AcDbEntity
8
symbols
6
ByLayer
62
256
370
-1
100
AcDbPolyline
90
2
70
0
10
825.2992
20
737.542
10
825.2992
20
957.542
0
LINE
5
1E4
100
AcDbEntity
8
symbols
6
ByLayer
62
256
370
-1
100
AcDbLine
10
885.2992
20
887.542
11
825.2992
21
887.542
0
LINE
5
1E5
100
AcDbEntity
8
symbols
6
ByLayer
62
256
370
-1
100
AcDbLine
10
825.2992
20
812.542
11
885.2992
21
812.542
0
LWPOLYLINE
5
1E6
100
AcDbEntity
8
symbols
6
ByLayer
62
256
370
-1
100
AcDbPolyline
90
8
70
1
10
1143.2969
20
918.685405
10
1143.2969
20
780.018895
10
1146.4969
20
780.018895
10
1146.4969
20
790.018895
10
1151.2969
20
793.018895
10
1151.2969
20
905.685405
10
1146.4969
20
908.685405
10
1146.4969
20
918.685405
0
LWPOLYLINE
5
1E7
100
AcDbEntity
8
symbols
6
ByLayer
62
256
370
-1
100
AcDbPolyline
90
2
70
0
10
1146.4969
20
790.018895
10
1146.4969
20
908.685405
0
LWPOLYLINE
5
1E8
100
AcDbEntity
8
symbols
6
ByLayer
62
256
370
-1
100
AcDbPolyline
90
44
70
1
10
799.21017
20
296.10835
10
799.27561156
20
295.29732403
10
799.46507332
20
294.52796328
10
799.76826091
20
293.81056213
10
800.17487996
20
293.15541494
10
800.67463609
20
292.57281609
10
801.25723494
20
292.07305996
10
801.91238213
20
291.66644091
10
802.62978328
20
291.36325332
10
803.39914403
20
291.17379156
10
804.21017
20
291.10835
10
954.21017
20
291.10835
10
955.02119597
20
291.17379156
10
955.79055672
20
291.36325332
10
956.50795787
20
291.66644091
10
957.16310506
20
292.07305996
10
957.74570391
20
292.57281609
10
958.24546004
20
293.15541494
10
958.65207909
20
293.81056213
10
958.95526668
20
294.52796328
10
959.14472844
20
295.29732403
10
959.21017
20
296.10835
10
959.21017
20
366.10835
10
959.14472844
20
366.91937597
10
958.95526668
20
367.68873672
10
958.65207909
20
368.40613787
10
958.24546004
20
369.06128506
10
957.74570391
20
369.64388391
10
957.16310506
20
370.14364004
10
956.50795787
20
370.55025909
10
955.79055672
20
370.85344668
10
955.02119597
20
371.04290844
10
954.21017
20
371.10835
10
804.21017
20
371.10835
10
803.39914403
20
371.04290844
10
802.62978328
20
370.85344668
10
801.91238213
20
370.55025909
10
801.25723494
20
370.14364004
10
800.67463609
20
369.64388391
10
800.17487996
20
369.06128506
10
799.76826091
20
368.40613787
10
799.46507332
20
367.68873672
10
799.27561156
20
366.91937597
10
799.21017
20
366.10835
0
LWPOLYLINE
5
1E9
100
AcDbEntity
8
symbols
6
ByLayer
62
256
370
-1
100
AcDbPolyline
90
4
70
1
10
871.92501
20
338.25065
10
892.92501
20
338.25065
10
892.92501
20
354.25065
10
871.92501
20
354.25065
0
LWPOLYLINE
5
1EA
100
AcDbEntity
8
symbols
6
ByLayer
62
256
370
-1
100
AcDbPolyline
90
4
70
0
10
878.42501
20
354.25065
10
878.42501
20
349.25065
10
886.42501
20
349.25065
10
886.42501
20
354.25065
0
LWPOLYLINE
5
1EB
100
AcDbEntity
8
symbols
6
ByLayer
62
256
370
-1
100
AcDbPolyline
90
2
70
0
10
878.42501
20
352.25065
10
886.42501
20
352.25065
0
LWPOLYLINE
5
1EC
100
AcDbEntity
8
symbols
6
ByLayer
62
256
370
-1
100
AcDbPolyline
90
12
70
1
10
855.42501
20
342.70602009
10
909.42501
20
342.70602009
10
909.42501
20
343.70602009
10
907.22501
20
344.70602009
10
901.42501
20
347.50602009
10
885.42501
20
348.00602009
10
885.42501
20
350.70602009
10
879.42501
20
350.70602009
10
879.42501
20
348.00602009
10
863.42501
20
347.50602009
10
857.62501
20
345.70602009
10
855.42501
20
343.70602009
0
LWPOLYLINE
5
1ED
100
AcDbEntity
8
symbols
6
ByLayer
62
256
370
-1
100
AcDbPolyline
90
2
70
0
10
879.42501
20
348.00602009
10
885.42501
20
348.00602009
0
LWPOLYLINE
5
1EE
100
AcDbEntity
8
symbols
6
ByLayer
62
256
370
-1
100
AcDbPolyline
90
2
70
0
10
909.42501
20
343.70602009
10
855.42501
20
343.70602009
0
LWPOLYLINE
5
1EF
100
AcDbEntity
8
symbols
6
ByLayer
62
256
370
-1
100
AcDbPolyline
90
82
70
1
10
896.6128
20
232.57065
10
896.56449556
20
230.65160256
10
896.41203654
20
228.83545456
10
896.15542296
20
227.12220598
10
895.79465481
20
225.51185683
10
895.3297321
20
224.00440712
10
894.76065481
20
222.59985683
10
894.08742296
20
221.29820598
10
893.31003654
20
220.09945456
10
892.42849556
20
219.00360256
10
891.4428
20
218.01065
10
889.582659
20
216.37491596
10
887.89684385
20
215.02185547
10
886.32224411
20
213.92544378
10
884.79574933
20
213.05965615
10
883.25424907
20
212.39846784
10
881.63463289
20
211.9158541
10
879.87379033
20
211.58579019
10
877.90861096
20
211.38225137
10
875.67598433
20
211.27921288
10
873.1128
20
211.25065
10
870.54961567
20
211.27921288
10
868.31698904
20
211.38225137
10
866.35180967
20
211.58579019
10
864.59096711
20
211.9158541
10
862.97135093
20
212.39846784
10
861.42985067
20
213.05965615
10
859.90335589
20
213.92544378
10
858.32875615
20
215.02185547
10
856.642941
20
216.37491596
10
854.7828
20
218.01065
10
853.79710444
20
219.00360256
10
852.91556346
20
220.09945456
10
852.13817704
20
221.29820598
10
851.46494519
20
222.59985683
10
850.8958679
20
224.00440712
10
850.43094519
20
225.51185683
10
850.07017704
20
227.12220598
10
849.81356346
20
228.83545456
10
849.66110444
20
230.65160256
10
849.6128
20
232.57065
10
849.8948
20
246.61065
10
849.95370481
20
248.35846622
10
850.10814189
20
249.99521216
10
850.35811123
20
251.52088784
10
850.70361283
20
252.93549324
10
851.1446467
20
254.23902838
10
851.68121283
20
255.43149324
10
852.31331123
20
256.51288784
10
853.04094189
20
257.48321216
10
853.86410481
20
258.34246622
10
854.7828
20
259.09065
10
856.6953215
20
260.38732189
10
858.41153027
20
261.38828459
10
859.99841679
20
262.13103973
10
861.52297155
20
262.65308892
10
863.05218503
20
262.99193378
10
864.6530477
20
263.18507594
10
866.39255005
20
263.27001703
10
868.33768257
20
263.28425865
10
870.55543572
20
263.26530243
10
873.1128
20
263.25065
10
875.67016428
20
263.26530243
10
877.88791743
20
263.28425865
10
879.83304995
20
263.27001703
10
881.5725523
20
263.18507594
10
883.17341497
20
262.99193378
10
884.70262845
20
262.65308892
10
886.22718321
20
262.13103973
10
887.81406973
20
261.38828459
10
889.5302785
20
260.38732189
10
891.4428
20
259.09065
10
892.36149519
20
258.34246622
10
893.18465811
20
257.48321216
10
893.91228877
20
256.51288784
10
894.54438717
20
255.43149324
10
895.0809533
20
254.23902838
10
895.52198717
20
252.93549324
10
895.86748877
20
251.52088784
10
896.11745811
20
249.99521216
10
896.27189519
20
248.35846622
10
896.3308
20
246.61065
0
LWPOLYLINE
5
1F0
100
AcDbEntity
8
symbols
6
ByLayer
62
256
370
-1
100
AcDbPolyline
90
21
70
0
10
896.6128
20
232.57065
10
894.2628
20
231.68145
10
891.9128
20
230.88585
10
889.5628
20
230.18385
10
887.2128
20
229.57545
10
884.8628
20
229.06065
10
882.5128
20
228.63945
10
880.1628
20
228.31185
10
877.8128
20
228.07785
10
875.4628
20
227.93745
10
873.1128
20
227.89065
10
870.7628
20
227.93745
10
868.4128
20
228.07785
10
866.0628
20
228.31185
10
863.7128
20
228.63945
10
861.3628
20
229.06065
10
859.0128
20
229.57545
10
856.6628
20
230.18385
10
854.3128
20
230.88585
10
851.9628
20
231.68145
10
849.6128
20
232.57065
0
LWPOLYLINE
5
1F1
100
AcDbEntity
8
symbols
6
ByLayer
62
256
370
-1
100
AcDbPolyline
90
4
70
1
10
402.709755
20
1456.77384
10
402.709755
20
1216.77384
10
463.477925
20
1216.77384
10
463.477925
20
1456.77384
0
LWPOLYLINE
5
1F2
100
AcDbEntity
8
symbols
6
ByLayer
62
256
370
-1
100
AcDbPolyline
90
2
70
0
10
404.709755
20
1456.77384
10
404.709755
20
1216.77384
0
LWPOLYLINE
5
1F3
100
AcDbEntity
8
symbols
6
ByLayer
62
256
370
-1
100
AcDbPolyline
90
3
70
0
10
402.709755
20
1454.77384
10
400.709755
20
1454.77384
10
400.709755
20
1451.77384
0
LWPOLYLINE
5
1F4
100
AcDbEntity
8
symbols
6
ByLayer
62
256
370
-1
100
AcDbPolyline
90
4
70
1
10
536.2077
20
1216.77384
10
536.2077
20
1456.58442
10
475.2077
20
1456.58442
10
475.2077
20
1216.77384
0
LWPOLYLINE
5
1F5
100
AcDbEntity
8
symbols
6
ByLayer
62
256
370
-1
100
AcDbPolyline
90
2
70
0
10
534.2077
20
1216.77384
10
534.2077
20
1456.58442
0
LWPOLYLINE
5
1F6
100
AcDbEntity
8
symbols
6
ByLayer
62
256
370
-1
100
AcDbPolyline
90
3
70
0
10
536.2077
20
1218.77384
10
538.2077
20
1218.77384
10
538.2077
20
1221.77384
0
LWPOLYLINE
5
1F7
100
AcDbEntity
8
symbols
6
ByLayer
62
256
370
-1
100
AcDbPolyline
90
24
70
1
10
522.595
20
131.77272
10
522.56882338
20
132.09713039
10
522.49303867
20
132.40487469
10
522.37176364
20
132.69183515
10
522.20911602
20
132.95389402
10
522.00921356
20
133.18693356
10
521.77617402
20
133.38683602
10
521.51411515
20
133.54948364
10
521.22715469
20
133.67075867
10
520.91941039
20
133.74654338
10
520.595
20
133.77272
10
464.595
20
133.77272
10
464.27058961
20
133.74654338
10
463.96284531
20
133.67075867
10
463.67588485
20
133.54948364
10
463.41382598
20
133.38683602
10
463.18078644
20
133.18693356
10
462.98088398
20
132.95389402
10
462.81823636
20
132.69183515
10
462.69696133
20
132.40487469
10
462.62117662
20
132.09713039
10
462.595
20
131.77272
10
462.595
20
73.77272
10
522.595
20
73.77272
0
LWPOLYLINE
5
1F8
100
AcDbEntity
8
symbols
6
ByLayer
62
256
370
-1
100
AcDbPolyline
90
3
70
0
10
466.595
20
133.77272
10
466.595
20
137.77272
10
470.595
20
137.77272
0
LINE
5
1F9
100
AcDbEntity
8
symbols
6
ByLayer
62
256
370
-1
100
AcDbLine
10
522.595
20
127.77272
11
462.595
21
127.77272
0
LWPOLYLINE
5
1FA
100
AcDbEntity
8
symbols
6
ByLayer
62
256
370
-1
100
AcDbPolyline
90
1
70
0
10
420.53208
20
344.49924
0
LWPOLYLINE
5
1FB
100
AcDbEntity
8
symbols
6
ByLayer
62
256
370
-1
100
AcDbPolyline
90
4
70
1
10
342.46915
20
286.46992
10
498.59501
20
286.46992
10
498.59501
20
344.49924
10
342.46915
20
344.49924
0
LWPOLYLINE
5
1FC
100
AcDbEntity
8
symbols
6
ByLayer
62
256
370
-1
100
AcDbPolyline
90
24
70
1
10
348.59501
20
229.46992
10
348.60809831
20
229.30771481
10
348.64599066
20
229.15384266
10
348.70662818
20
229.01036243
10
348.78795199
20
228.87933299
10
348.88790322
20
228.76281322
10
349.00442299
20
228.66286199
10
349.13545243
20
228.58153818
10
349.27893266
20
228.52090066
10
349.43280481
20
228.48300831
10
349.59501
20
228.46992
10
407.59501
20
228.46992
10
407.75721519
20
228.48300831
10
407.91108734
20
228.52090066
10
408.05456757
20
228.58153818
10
408.18559701
20
228.66286199
10
408.30211678
20
228.76281322
10
408.40206801
20
228.87933299
10
408.48339182
20
229.01036243
10
408.54402934
20
229.15384266
10
408.58192169
20
229.30771481
10
408.59501
20
229.46992
10
408.59501
20
286.46992
10
348.59501
20
286.46992
0
LWPOLYLINE
5
1FD
100
AcDbEntity
8
symbols
6
ByLayer
62
256
370
-1
100
AcDbPolyline
90
2
70
0
10
348.59501
20
230.46992
10
408.59501
20
230.46992
0
LWPOLYLINE
5
1FE
100
AcDbEntity
8
symbols
6
ByLayer
62
256
370
-1
100
AcDbPolyline
90
4
70
0
10
353.59501
20
228.46992
10
353.59501
20
224.46992
10
403.59501
20
224.46992
10
403.59501
20
228.46992
0
LWPOLYLINE
5
1FF
100
AcDbEntity
8
symbols
6
ByLayer
62
256
370
-1
100
AcDbPolyline
90
4
70
1
10
348.59501
20
228.46992
10
408.59501
20
228.46992
10
408.59501
20
288.46992
10
348.59501
20
288.46992
0
CIRCLE
5
200
100
AcDbEntity
8
symbols
6
ByLayer
62
256
370
-1
100
AcDbCircle
10
363.59500583
20
273.46992949
40
9
0
CIRCLE
5
201
100
AcDbEntity
8
symbols
6
ByLayer
62
256
370
-1
100
AcDbCircle
10
393.59500583
20
273.46992949
40
6
0
CIRCLE
5
202
100
AcDbEntity
8
symbols
6
ByLayer
62
256
370
-1
100
AcDbCircle
10
363.59500583
20
243.46992949
40
6
0
CIRCLE
5
203
100
AcDbEntity
8
symbols
6
ByLayer
62
256
370
-1
100
AcDbCircle
10
393.59500583
20
243.46992949
40
9
0
LWPOLYLINE
5
204
100
AcDbEntity
8
symbols
6
ByLayer
62
256
370
-1
100
AcDbPolyline
90
24
70
1
10
545.595
20
227.012
10
545.43279481
20
226.99891169
10
545.27892266
20
226.96101934
10
545.13544243
20
226.90038182
10
545.00441299
20
226.81905801
10
544.88789322
20
226.71910678
10
544.78794199
20
226.60258701
10
544.70661818
20
226.47155757
10
544.64598066
20
226.32807734
10
544.60808831
20
226.17420519
10
544.595
20
226.012
10
544.595
20
168.012
10
544.60808831
20
167.84979481
10
544.64598066
20
167.69592266
10
544.70661818
20
167.55244243
10
544.78794199
20
167.42141299
10
544.88789322
20
167.30489322
10
545.00441299
20
167.20494199
10
545.13544243
20
167.12361818
10
545.27892266
20
167.06298066
10
545.43279481
20
167.02508831
10
545.595
20
167.012
10
614.595
20
167.012
10
614.595
20
227.012
0
LWPOLYLINE
5
205
100
AcDbEntity
8
symbols
6
ByLayer
62
256
370
-1
100
AcDbPolyline
90
2
70
0
10
546.595
20
227.012
10
546.595
20
167.012
0
TEXT
5
206
100
AcDbEntity
8
text
6
ByLayer
62
256
370
-1
100
AcDbText
10
561.595
20
187.012
30
0
40
20
1
DW
50
-90
41
0.9
7
standard
72
1
11
579.595
21
187.012
31
0
100
AcDbText
0
LWPOLYLINE
5
207
100
AcDbEntity
8
symbols
6
ByLayer
62
256
370
-1
100
AcDbPolyline
90
4
70
0
10
544.595
20
222.012
10
540.595
20
222.012
10
540.595
20
172.012
10
544.595
20
172.012
0
LWPOLYLINE
5
208
100
AcDbEntity
8
symbols
6
ByLayer
62
256
370
-1
100
AcDbPolyline
90
1
70
0
10
1201.7624
20
370.20081
0
LWPOLYLINE
5
209
100
AcDbEntity
8
symbols
6
ByLayer
62
256
370
-1
100
AcDbPolyline
90
4
70
1
10
1151.3776
20
399.82273
10
1151.3776
20
340.57889
10
1201.7624
20
340.57889
10
1201.7624
20
399.82273
0
LWPOLYLINE
5
20A
100
AcDbEntity
8
symbols
6
ByLayer
62
256
370
-1
100
AcDbPolyline
90
1
70
0
10
1201.7624
20
370.20081
0
LWPOLYLINE
5
20B
100
AcDbEntity
8
symbols
6
ByLayer
62
256
370
-1
100
AcDbPolyline
90
4
70
1
10
1151.4583
20
399.82273
10
1151.4583
20
340.57889
10
1201.7624
20
340.57889
10
1201.7624
20
399.82273
0
LWPOLYLINE
5
20C
100
AcDbEntity
8
symbols
6
ByLayer
62
256
370
-1
100
AcDbPolyline
90
1
70
0
10
1201.7624
20
370.20081
0
LWPOLYLINE
5
20D
100
AcDbEntity
8
symbols
6
ByLayer
62
256
370
-1
100
AcDbPolyline
90
4
70
1
10
1151.3776
20
399.82273
10
1151.3776
20
340.57889
10
1201.7624
20
340.57889
10
1201.7624
20
399.82273
0
LWPOLYLINE
5
20E
100
AcDbEntity
8
symbols
6
ByLayer
62
256
370
-1
100
AcDbPolyline
90
1
70
0
10
1201.76243
20
370.53669
0
LWPOLYLINE
5
20F
100
AcDbEntity
8
symbols
6
ByLayer
62
256
370
-1
100
AcDbPolyline
90
4
70
1
10
1151.37763
20
400.15861
10
1151.37763
20
340.91477
10
1201.76243
20
340.91477
10
1201.76243
20
400.15861
0
LWPOLYLINE
5
210
100
AcDbEntity
8
symbols
6
ByLayer
62
256
370
-1
100
AcDbPolyline
90
21
70
0
10
414.79115
20
407.30834
10
415.35059364
20
407.33556794
10
415.90222759
20
407.34347412
10
416.44605184
20
407.33205853
10
416.98206639
20
407.30132117
10
417.51027124
20
407.25126205
10
418.03066639
20
407.18188117
10
418.54325184
20
407.09317853
10
419.04802759
20
406.98515412
10
419.54499364
20
406.85780794
10
420.03415
20
406.71114
10
420.31429364
20
406.60996994
10
420.58662759
20
406.48947812
10
420.85115184
20
406.34966453
10
421.10786639
20
406.19052917
10
421.35677124
20
406.01207205
10
421.59786639
20
405.81429317
10
421.83115184
20
405.59719253
10
422.05662759
20
405.36077012
10
422.27429364
20
405.10502594
10
422.48415
20
404.82996
0
LWPOLYLINE
5
211
100
AcDbEntity
8
symbols
6
ByLayer
62
256
370
-1
100
AcDbPolyline
90
21
70
0
10
406.70615
20
407.3382
10
406.16308068
20
407.35791933
10
405.62744899
20
407.35932193
10
405.09925492
20
407.34240778
10
404.57849848
20
407.30717689
10
404.06517967
20
407.25362926
10
403.55929848
20
407.18176489
10
403.06085492
20
407.09158378
10
402.56984899
20
406.98308593
10
402.08628068
20
406.85627133
10
401.61015
20
406.71114
10
401.33658068
20
406.61141933
10
401.07044899
20
406.49338193
10
400.81175492
20
406.35702778
10
400.56049848
20
406.20235689
10
400.31667967
20
406.02936926
10
400.08029848
20
405.83806489
10
399.85135492
20
405.62844378
10
399.62984899
20
405.40050593
10
399.41578068
20
405.15425133
10
399.20915
20
404.88968
0
LWPOLYLINE
5
212
100
AcDbEntity
8
symbols
6
ByLayer
62
256
370
-1
100
AcDbPolyline
90
5
70
0
10
404.89315
20
383.21132
10
408.12715
20
382.49468
10
406.75515
20
383.06202
10
405.97115
20
384.70432
10
408.07815
20
385.33138
0
LWPOLYLINE
5
213
100
AcDbEntity
8
symbols
6
ByLayer
62
256
370
-1
100
AcDbPolyline
90
6
70
0
10
403.52115
20
379.50868
10
408.86215
20
378.61288
10
414.00715
20
379.74756
10
414.88915
20
381.09126
10
413.86015
20
381.47944
10
417.33915
20
381.56902
0
LWPOLYLINE
5
214
100
AcDbEntity
8
symbols
6
ByLayer
62
256
370
-1
100
AcDbPolyline
90
4
70
0
10
408.12715
20
382.49468
10
410.47915
20
381.56902
10
412.19415
20
381.38986
10
413.86015
20
381.47944
0
LWPOLYLINE
5
215
100
AcDbEntity
8
symbols
6
ByLayer
62
256
370
-1
100
AcDbPolyline
90
34
70
0
10
416.89815
20
405.63618
10
422.48415
20
404.88968
10
425.86515
20
404.6508
10
429.14815
20
402.23214
10
430.47115
20
399.54474
10
435.46915
20
394.88658
10
435.12615
20
390.85548
10
433.95015
20
389.54164
10
429.73615
20
386.70494
10
420.37715
20
382.1065
10
419.98515
20
382.43496
10
417.48615
20
381.38986
10
415.96715
20
382.853
10
416.01615
20
385.6897
10
410.77315
20
384.85362
10
402.00215
20
386.22718
10
402.68815
20
385.71956
10
402.78615
20
385.12236
10
404.94215
20
383.56964
10
404.84415
20
380.79266
10
403.37415
20
379.32952
10
401.61015
20
379.83714
10
400.58115
20
380.52392
10
398.57215
20
381.24056
10
395.68115
20
383.36062
10
391.27115
20
385.95844
10
387.93915
20
389.48192
10
386.95915
20
390.97492
10
386.46915
20
394.88658
10
391.36915
20
399.69404
10
392.39815
20
402.262
10
395.53415
20
404.6508
10
399.55215
20
404.9494
10
404.59915
20
405.66604
0
LWPOLYLINE
5
216
100
AcDbEntity
8
symbols
6
ByLayer
62
256
370
-1
100
AcDbPolyline
90
7
70
0
10
404.94215
20
389.45206
10
406.02015
20
387.75004
10
408.56815
20
387.332
10
409.59715
20
386.97368
10
410.77315
20
385.57026
10
411.85115
20
386.97368
10
412.78215
20
387.24242
0
LWPOLYLINE
5
217
100
AcDbEntity
8
symbols
6
ByLayer
62
256
370
-1
100
AcDbPolyline
90
17
70
1
10
410.87115
20
408.26386
10
414.74215
20
407.4875
10
418.90715
20
403.755
10
419.59315
20
398.2309
10
419.44615
20
393.57274
10
418.46615
20
389.5715
10
416.65315
20
387.1827
10
412.83115
20
387.12298
10
409.45015
20
388.85486
10
407.44115
20
388.85486
10
404.69715
20
389.45206
10
402.00215
20
392.13946
10
401.41415
20
394.797
10
401.26715
20
397.6337
10
402.10015
20
398.58922
10
402.49215
20
403.84458
10
406.70615
20
407.51736
0
LWPOLYLINE
5
218
100
AcDbEntity
8
symbols
6
ByLayer
62
256
370
-1
100
AcDbPolyline
90
4
70
1
10
402.00215
20
386.22718
10
398.32715
20
392.46792
10
396.26915
20
392.1096
10
399.99315
20
387.42158
0
LWPOLYLINE
5
219
100
AcDbEntity
8
symbols
6
ByLayer
62
256
370
-1
100
AcDbPolyline
90
3
70
1
10
420.96515
20
388.6757
10
423.17015
20
392.5575
10
424.73815
20
391.87072
0
LWPOLYLINE
5
21A
100
AcDbEntity
8
symbols
6
ByLayer
62
256
370
-1
100
AcDbPolyline
90
3
70
0
10
424.73815
20
391.87072
10
428.21715
20
389.89996
10
431.25515
20
389.4222
0
LWPOLYLINE
5
21B
100
AcDbEntity
8
symbols
6
ByLayer
62
256
370
-1
100
AcDbPolyline
90
3
70
0
10
420.96515
20
388.6757
10
419.54415
20
386.31676
10
416.01615
20
385.6897
0
LWPOLYLINE
5
21C
100
AcDbEntity
8
symbols
6
ByLayer
62
256
370
-1
100
AcDbPolyline
90
3
70
0
10
419.98515
20
382.43496
10
418.36815
20
383.92796
10
418.41715
20
386.10774
0
LWPOLYLINE
5
21D
100
AcDbEntity
8
symbols
6
ByLayer
62
256
370
-1
100
AcDbPolyline
90
4
70
0
10
396.26915
20
392.1096
10
394.45615
20
391.5124
10
392.25115
20
389.60136
10
389.31115
20
389.36248
0
LWPOLYLINE
5
21E
100
AcDbEntity
8
symbols
6
ByLayer
62
256
370
-1
100
AcDbPolyline
90
3
70
0
10
402.78615
20
385.12236
10
402.73715
20
382.31552
10
400.58115
20
380.52392
0
LWPOLYLINE
5
21F
100
AcDbEntity
8
symbols
6
ByLayer
62
256
370
-1
100
AcDbPolyline
90
3
70
0
10
402.04504
20
193.37095
10
393.04504
20
199.37095
10
384.04504
20
201.17095
0
LWPOLYLINE
5
220
100
AcDbEntity
8
symbols
6
ByLayer
62
256
370
-1
100
AcDbPolyline
90
4
70
0
10
393.04504
20
199.37095
10
391.24504
20
207.47095
10
388.24504
20
208.37095
10
384.04504
20
201.17095
0
LWPOLYLINE
5
221
100
AcDbEntity
8
symbols
6
ByLayer
62
256
370
-1
100
AcDbPolyline
90
4
70
0
10
359.44504
20
199.37095
10
361.24504
20
207.47095
10
364.24504
20
208.37095
10
368.44504
20
201.17095
0
LWPOLYLINE
5
222
100
AcDbEntity
8
symbols
6
ByLayer
62
256
370
-1
100
AcDbPolyline
90
3
70
0
10
350.44504
20
193.37095
10
359.44504
20
199.37095
10
368.44504
20
201.17095
0
LWPOLYLINE
5
223
100
AcDbEntity
8
symbols
6
ByLayer
62
256
370
-1
100
AcDbPolyline
90
141
70
0
10
376.24504
20
178.37095
10
373.13787469
20
178.38882846
10
370.5680078
20
178.44651787
10
368.40288286
20
178.55009924
10
366.50994341
20
178.7056536
10
364.75663298
20
178.91926198
10
363.01039511
20
179.1970054
10
361.13867335
20
179.54496489
10
359.00891121
20
179.96922147
10
356.48855225
20
180.47585616
10
353.44504
20
181.07095
10
352.63877225
20
181.23212616
10
351.96347121
20
181.38618147
10
351.39221335
20
181.54485489
10
350.89807511
20
181.7198854
10
350.45413298
20
181.92301198
10
350.03346341
20
182.1659736
10
349.60914286
20
182.46050924
10
349.1542478
20
182.81835787
10
348.64185469
20
183.25125846
10
348.04504
20
183.77095
10
347.64472
20
184.12781714
10
347.30488
20
184.45101093
10
347.0212
20
184.75341996
10
346.78936
20
185.04793279
10
346.60504
20
185.34743801
10
346.46392
20
185.66482419
10
346.36168
20
186.0129799
10
346.294
20
186.40479372
10
346.25656
20
186.85315423
10
346.24504
20
187.37095
10
346.23834078
20
188.08875205
10
346.22922056
20
188.74869707
10
346.23414547
20
189.35516461
10
346.26958167
20
189.91253423
10
346.3519953
20
190.42518546
10
346.49785251
20
190.89749785
10
346.72361944
20
191.33385096
10
347.04576223
20
191.73862432
10
347.48074704
20
192.11619748
10
348.04504
20
192.47095
10
349.39706287
20
193.10589227
10
350.60866296
20
193.49087245
10
351.71983025
20
193.68671448
10
352.77055469
20
193.75424227
10
353.80082627
20
193.75427975
10
354.85063495
20
193.74765085
10
355.95997069
20
193.7951795
10
357.16882347
20
193.95768962
10
358.51718325
20
194.29600515
10
360.04504
20
194.87095
10
361.14788851
20
195.42838654
10
361.99977552
20
196.0052679
10
362.66290754
20
196.59784924
10
363.1994911
20
197.20238569
10
363.67173272
20
197.8151324
10
364.14183893
20
198.43234453
10
364.67201623
20
199.0502772
10
365.32447117
20
199.66518558
10
366.16141025
20
200.27332479
10
367.24504
20
200.87095
10
368.34939442
20
201.39024287
10
369.28797044
20
201.79911651
10
370.10590542
20
202.11070372
10
370.84833674
20
202.33813732
10
371.56040176
20
202.4945501
10
372.28723783
20
202.59307488
10
373.07398232
20
202.64684445
10
373.96577261
20
202.66899163
10
375.00774605
20
202.67264921
10
376.24504
20
202.67095
10
377.48233395
20
202.67264921
10
378.52430739
20
202.66899163
10
379.41609768
20
202.64684445
10
380.20284217
20
202.59307488
10
380.92967824
20
202.4945501
10
381.64174326
20
202.33813732
10
382.38417458
20
202.11070372
10
383.20210956
20
201.79911651
10
384.14068558
20
201.39024287
10
385.24504
20
200.87095
10
386.32866975
20
200.27332479
10
387.16560883
20
199.66518558
10
387.81806377
20
199.0502772
10
388.34824107
20
198.43234453
10
388.81834728
20
197.8151324
10
389.2905889
20
197.20238569
10
389.82717246
20
196.59784924
10
390.49030448
20
196.0052679
10
391.34219149
20
195.42838654
10
392.44504
20
194.87095
10
393.97289675
20
194.29600515
10
395.32125653
20
193.95768962
10
396.53010931
20
193.7951795
10
397.63944505
20
193.74765085
10
398.68925373
20
193.75427975
10
399.71952531
20
193.75424227
10
400.77024975
20
193.68671448
10
401.88141704
20
193.49087245
10
403.09301713
20
193.10589227
10
404.44504
20
192.47095
10
405.00933296
20
192.11619748
10
405.44431777
20
191.73862432
10
405.76646056
20
191.33385096
10
405.99222749
20
190.89749785
10
406.1380847
20
190.42518546
10
406.22049833
20
189.91253423
10
406.25593453
20
189.35516461
10
406.26085944
20
188.74869707
10
406.25173922
20
188.08875205
10
406.24504
20
187.37095
10
406.23352
20
186.85315423
10
406.19608
20
186.40479372
10
406.1284
20
186.0129799
10
406.02616
20
185.66482419
10
405.88504
20
185.34743801
10
405.70072
20
185.04793279
10
405.46888
20
184.75341996
10
405.1852
20
184.45101093
10
404.84536
20
184.12781714
10
404.44504
20
183.77095
10
403.84822531
20
183.25125846
10
403.3358322
20
182.81835787
10
402.88093714
20
182.46050924
10
402.45661659
20
182.1659736
10
402.03594702
20
181.92301198
10
401.59200489
20
181.7198854
10
401.09786665
20
181.54485489
10
400.52660879
20
181.38618147
10
399.85130775
20
181.23212616
10
399.04504
20
181.07095
10
396.00152775
20
180.47585616
10
393.48116879
20
179.96922147
10
391.35140665
20
179.54496489
10
389.47968489
20
179.1970054
10
387.73344702
20
178.91926198
10
385.98013659
20
178.7056536
10
384.08719714
20
178.55009924
10
381.9220722
20
178.44651787
10
379.35220531
20
178.38882846
10
376.24504
20
178.37095
0
LWPOLYLINE
5
224
100
AcDbEntity
8
symbols
6
ByLayer
62
256
370
-1
100
AcDbPolyline
90
61
70
0
10
376.24504
20
181.37095
10
375.11835992
20
181.39716747
10
374.0763997
20
181.48283434
10
373.11627941
20
181.63847229
10
372.23511909
20
181.87460301
10
371.43003882
20
182.20174819
10
370.69815864
20
182.63042951
10
370.03659861
20
183.17116867
10
369.44247879
20
183.83448734
10
368.91291924
20
184.63090723
10
368.44504
20
185.57095
10
367.96726112
20
186.80456979
10
367.6348055
20
187.95906536
10
367.44299182
20
189.05380664
10
367.38713876
20
190.10816357
10
367.46256502
20
191.14150607
10
367.66458927
20
192.17320409
10
367.98853021
20
193.22262756
10
368.42970652
20
194.30914641
10
368.98343689
20
195.45213058
10
369.64504
20
196.67095
10
370.11011698
20
197.40006311
10
370.59834682
20
197.98446207
10
371.11729081
20
198.44015527
10
371.67451018
20
198.78315108
10
372.2775662
20
199.02945789
10
372.93402012
20
199.19508406
10
373.6514332
20
199.29603797
10
374.43736671
20
199.34832802
10
375.29938189
20
199.36796257
10
376.24504
20
199.37095
10
377.19069811
20
199.36796257
10
378.05271329
20
199.34832802
10
378.8386468
20
199.29603797
10
379.55605988
20
199.19508406
10
380.2125138
20
199.02945789
10
380.81556982
20
198.78315108
10
381.37278919
20
198.44015527
10
381.89173318
20
197.98446207
10
382.37996302
20
197.40006311
10
382.84504
20
196.67095
10
383.50664311
20
195.45213058
10
384.06037348
20
194.30914641
10
384.50154979
20
193.22262756
10
384.82549073
20
192.17320409
10
385.02751498
20
191.14150607
10
385.10294124
20
190.10816357
10
385.04708818
20
189.05380664
10
384.8552745
20
187.95906536
10
384.52281888
20
186.80456979
10
384.04504
20
185.57095
10
383.57716076
20
184.63090723
10
383.04760121
20
183.83448734
10
382.45348139
20
183.17116867
10
381.79192136
20
182.63042951
10
381.06004118
20
182.20174819
10
380.25496091
20
181.87460301
10
379.37380059
20
181.63847229
10
378.4136803
20
181.48283434
10
377.37172008
20
181.39716747
10
376.24504
20
181.37095
0
LWPOLYLINE
5
225
100
AcDbEntity
8
symbols
6
ByLayer
62
256
370
-1
100
AcDbPolyline
90
1
70
0
10
1231.57169
20
254.06319
0
LWPOLYLINE
5
226
100
AcDbEntity
8
symbols
6
ByLayer
62
256
370
-1
100
AcDbPolyline
90
4
70
1
10
1151.21623
20
296.25065
10
1151.21623
20
211.87573
10
1231.57169
20
211.87573
10
1231.57169
20
296.25065
0
LWPOLYLINE
5
227
100
AcDbEntity
8
symbols
6
ByLayer
62
256
370
-1
100
AcDbPolyline
90
1
70
0
10
1231.57169
20
254.06319
0
LWPOLYLINE
5
228
100
AcDbEntity
8
symbols
6
ByLayer
62
256
370
-1
100
AcDbPolyline
90
4
70
1
10
1151.29693
20
296.25065
10
1151.29693
20
211.87573
10
1231.57169
20
211.87573
10
1231.57169
20
296.25065
0
LWPOLYLINE
5
229
100
AcDbEntity
8
symbols
6
ByLayer
62
256
370
-1
100
AcDbPolyline
90
1
70
0
10
1231.57169
20
253.43811
0
LWPOLYLINE
5
22A
100
AcDbEntity
8
symbols
6
ByLayer
62
256
370
-1
100
AcDbPolyline
90
4
70
1
10
1151.21623
20
295.62557
10
1151.21623
20
211.25065
10
1231.57169
20
211.25065
10
1231.57169
20
295.62557
0
LWPOLYLINE
5
22B
100
AcDbEntity
8
symbols
6
ByLayer
62
256
370
-1
100
AcDbPolyline
90
1
70
0
10
1231.652385
20
253.60605
0
LWPOLYLINE
5
22C
100
AcDbEntity
8
symbols
6
ByLayer
62
256
370
-1
100
AcDbPolyline
90
4
70
1
10
1151.296895
20
295.96145
10
1151.296895
20
211.25065
10
1231.652385
20
211.25065
10
1231.652385
20
295.96145
0
LWPOLYLINE
5
22D
100
AcDbEntity
8
symbols
6
ByLayer
62
256
370
-1
100
AcDbPolyline
90
1
70
0
10
493.01377
20
378.493445
0
LWPOLYLINE
5
22E
100
AcDbEntity
8
symbols
6
ByLayer
62
256
370
-1
100
AcDbPolyline
90
4
70
1
10
487.432545
20
310.013355
10
498.594995
20
310.013355
10
498.594995
20
378.493445
10
487.432545
20
378.493445
0
LWPOLYLINE
5
22F
100
AcDbEntity
8
symbols
6
ByLayer
62
256
370
-1
100
AcDbPolyline
90
121
70
0
10
472.58473
20
364.00528
10
470.64433
20
363.78868
10
468.70393
20
363.59488
10
466.76353
20
363.42388
10
464.82313
20
363.27568
10
462.88273
20
363.15028
10
460.94233
20
363.04768
10
459.00193
20
362.96788
10
457.06153
20
362.91088
10
455.12113
20
362.87668
10
453.18073
20
362.86528
10
451.24033
20
362.87668
10
449.29993
20
362.91088
10
447.35953
20
362.96788
10
445.41913
20
363.04768
10
443.47873
20
363.15028
10
441.53833
20
363.27568
10
439.59793
20
363.42388
10
437.65753
20
363.59488
10
435.71713
20
363.78868
10
433.77673
20
364.00528
10
433.50120194
20
366.22577386
10
433.24681344
20
368.44682464
10
433.01356452
20
370.66843234
10
432.80145517
20
372.89059696
10
432.61048538
20
375.1133185
10
432.44065517
20
377.33659696
10
432.29196452
20
379.56043234
10
432.16441344
20
381.78482464
10
432.05800194
20
384.00977386
10
431.97273
20
386.23528
10
431.92600194
20
387.94277386
10
431.90041344
20
389.65082464
10
431.89596452
20
391.35943234
10
431.91265517
20
393.06859696
10
431.95048538
20
394.7783185
10
432.00945517
20
396.48859696
10
432.08956452
20
398.19943234
10
432.19081344
20
399.91082464
10
432.31320194
20
401.62277386
10
432.45673
20
403.33528
10
432.1920114
20
403.65403104
10
431.9577636
20
403.97541517
10
431.7539866
20
404.29943242
10
431.58068041
20
404.62608276
10
431.43784501
20
404.95536621
10
431.32548041
20
405.28728276
10
431.2435866
20
405.62183242
10
431.1921636
20
405.95901517
10
431.1712114
20
406.29883104
10
431.18073
20
406.64128
10
431.2812114
20
407.82643104
10
431.4121636
20
409.01421517
10
431.5735866
20
410.20463242
10
431.76548041
20
411.39768276
10
431.98784501
20
412.59336621
10
432.24068041
20
413.79168276
10
432.5239866
20
414.99263242
10
432.8377636
20
416.19621517
10
433.1820114
20
417.40243104
10
433.55673
20
418.61128
10
435.51913
20
418.84954
10
437.48153
20
419.06272
10
439.44393
20
419.25082
10
441.40633
20
419.41384
10
443.36873
20
419.55178
10
445.33113
20
419.66464
10
447.29353
20
419.75242
10
449.25593
20
419.81512
10
451.21833
20
419.85274
10
453.18073
20
419.86528
10
455.14313
20
419.85274
10
457.10553
20
419.81512
10
459.06793
20
419.75242
10
461.03033
20
419.66464
10
462.99273
20
419.55178
10
464.95513
20
419.41384
10
466.91753
20
419.25082
10
468.87993
20
419.06272
10
470.84233
20
418.84954
10
472.80473
20
418.61128
10
473.1794486
20
417.40243104
10
473.5236964
20
416.19621517
10
473.8374734
20
414.99263242
10
474.12077959
20
413.79168276
10
474.37361499
20
412.59336621
10
474.59597959
20
411.39768276
10
474.7878734
20
410.20463242
10
474.9492964
20
409.01421517
10
475.0802486
20
407.82643104
10
475.18073
20
406.64128
10
475.1902486
20
406.29883104
10
475.1692964
20
405.95901517
10
475.1178734
20
405.62183242
10
475.03597959
20
405.28728276
10
474.92361499
20
404.95536621
10
474.78077959
20
404.62608276
10
474.6074734
20
404.29943242
10
474.4036964
20
403.97541517
10
474.1694486
20
403.65403104
10
473.90473
20
403.33528
10
474.04825806
20
401.62277386
10
474.17064656
20
399.91082464
10
474.27189548
20
398.19943234
10
474.35200483
20
396.48859696
10
474.41097462
20
394.7783185
10
474.44880483
20
393.06859696
10
474.46549548
20
391.35943234
10
474.46104656
20
389.65082464
10
474.43545806
20
387.94277386
10
474.38873
20
386.23528
10
474.30345806
20
384.00977386
10
474.19704656
20
381.78482464
10
474.06949548
20
379.56043234
10
473.92080483
20
377.33659696
10
473.75097462
20
375.1133185
10
473.56000483
20
372.89059696
10
473.34789548
20
370.66843234
10
473.11464656
20
368.44682464
10
472.86025806
20
366.22577386
10
472.58473
20
364.00528
0
LWPOLYLINE
5
230
100
AcDbEntity
8
symbols
6
ByLayer
62
256
370
-1
100
AcDbPolyline
90
21
70
0
10
432.45673
20
403.33528
10
434.52913
20
403.11868
10
436.60153
20
402.92488
10
438.67393
20
402.75388
10
440.74633
20
402.60568
10
442.81873
20
402.48028
10
444.89113
20
402.37768
10
446.96353
20
402.29788
10
449.03593
20
402.24088
10
451.10833
20
402.20668
10
453.18073
20
402.19528
10
455.25313
20
402.20668
10
457.32553
20
402.24088
10
459.39793
20
402.29788
10
461.47033
20
402.37768
10
463.54273
20
402.48028
10
465.61513
20
402.60568
10
467.68753
20
402.75388
10
469.75993
20
402.92488
10
471.83233
20
403.11868
10
473.90473
20
403.33528
0
LWPOLYLINE
5
231
100
AcDbEntity
8
symbols
6
ByLayer
62
256
370
-1
100
AcDbPolyline
90
31
70
0
10
432.85273
20
416.27428
10
433.12356172
20
416.05575737
10
433.39874195
20
415.85919533
10
433.67827069
20
415.68459387
10
433.96214793
20
415.53195299
10
434.25037367
20
415.4012727
10
434.54294793
20
415.29255299
10
434.83987069
20
415.20579387
10
435.14114195
20
415.14099533
10
435.44676172
20
415.09815737
10
435.75673
20
415.07728
10
440.47257607
20
414.92904606
10
444.36772476
20
414.81375299
10
447.64735041
20
414.73140081
10
450.51662738
20
414.68198949
10
453.18073
20
414.66551905
10
455.84483262
20
414.68198949
10
458.71410959
20
414.73140081
10
461.99373524
20
414.81375299
10
465.88888393
20
414.92904606
10
470.60473
20
415.07728
10
470.91469828
20
415.09815737
10
471.22031805
20
415.14099533
10
471.52158931
20
415.20579387
10
471.81851207
20
415.29255299
10
472.11108633
20
415.4012727
10
472.39931207
20
415.53195299
10
472.68318931
20
415.68459387
10
472.96271805
20
415.85919533
10
473.23789828
20
416.05575737
10
473.50873
20
416.27428
0
LWPOLYLINE
5
232
100
AcDbEntity
8
symbols
6
ByLayer
62
256
370
-1
100
AcDbPolyline
90
121
70
0
10
929.04532
20
559.25312
10
927.10492
20
559.03652
10
925.16452
20
558.84272
10
923.22412
20
558.67172
10
921.28372
20
558.52352
10
919.34332
20
558.39812
10
917.40292
20
558.29552
10
915.46252
20
558.21572
10
913.52212
20
558.15872
10
911.58172
20
558.12452
10
909.64132
20
558.11312
10
907.70092
20
558.12452
10
905.76052
20
558.15872
10
903.82012
20
558.21572
10
901.87972
20
558.29552
10
899.93932
20
558.39812
10
897.99892
20
558.52352
10
896.05852
20
558.67172
10
894.11812
20
558.84272
10
892.17772
20
559.03652
10
890.23732
20
559.25312
10
889.96179194
20
561.47361386
10
889.70740344
20
563.69466464
10
889.47415452
20
565.91627234
10
889.26204517
20
568.13843696
10
889.07107538
20
570.3611585
10
888.90124517
20
572.58443696
10
888.75255452
20
574.80827234
10
888.62500344
20
577.03266464
10
888.51859194
20
579.25761386
10
888.43332
20
581.48312
10
888.38659194
20
583.19061386
10
888.36100344
20
584.89866464
10
888.35655452
20
586.60727234
10
888.37324517
20
588.31643696
10
888.41107538
20
590.0261585
10
888.47004517
20
591.73643696
10
888.55015452
20
593.44727234
10
888.65140344
20
595.15866464
10
888.77379194
20
596.87061386
10
888.91732
20
598.58312
10
888.6526014
20
598.90187104
10
888.4183536
20
599.22325517
10
888.2145766
20
599.54727242
10
888.04127041
20
599.87392276
10
887.89843501
20
600.20320621
10
887.78607041
20
600.53512276
10
887.7041766
20
600.86967242
10
887.6527536
20
601.20685517
10
887.6318014
20
601.54667104
10
887.64132
20
601.88912
10
887.7418014
20
603.07427104
10
887.8727536
20
604.26205517
10
888.0341766
20
605.45247242
10
888.22607041
20
606.64552276
10
888.44843501
20
607.84120621
10
888.70127041
20
609.03952276
10
888.9845766
20
610.24047242
10
889.2983536
20
611.44405517
10
889.6426014
20
612.65027104
10
890.01732
20
613.85912
10
891.97972
20
614.09738
10
893.94212
20
614.31056
10
895.90452
20
614.49866
10
897.86692
20
614.66168
10
899.82932
20
614.79962
10
901.79172
20
614.91248
10
903.75412
20
615.00026
10
905.71652
20
615.06296
10
907.67892
20
615.10058
10
909.64132
20
615.11312
10
911.60372
20
615.10058
10
913.56612
20
615.06296
10
915.52852
20
615.00026
10
917.49092
20
614.91248
10
919.45332
20
614.79962
10
921.41572
20
614.66168
10
923.37812
20
614.49866
10
925.34052
20
614.31056
10
927.30292
20
614.09738
10
929.26532
20
613.85912
10
929.6400386
20
612.65027104
10
929.9842864
20
611.44405517
10
930.2980634
20
610.24047242
10
930.58136959
20
609.03952276
10
930.83420499
20
607.84120621
10
931.05656959
20
606.64552276
10
931.2484634
20
605.45247242
10
931.4098864
20
604.26205517
10
931.5408386
20
603.07427104
10
931.64132
20
601.88912
10
931.6508386
20
601.54667104
10
931.6298864
20
601.20685517
10
931.5784634
20
600.86967242
10
931.49656959
20
600.53512276
10
931.38420499
20
600.20320621
10
931.24136959
20
599.87392276
10
931.0680634
20
599.54727242
10
930.8642864
20
599.22325517
10
930.6300386
20
598.90187104
10
930.36532
20
598.58312
10
930.50884806
20
596.87061386
10
930.63123656
20
595.15866464
10
930.73248548
20
593.44727234
10
930.81259483
20
591.73643696
10
930.87156462
20
590.0261585
10
930.90939483
20
588.31643696
10
930.92608548
20
586.60727234
10
930.92163656
20
584.89866464
10
930.89604806
20
583.19061386
10
930.84932
20
581.48312
10
930.76404806
20
579.25761386
10
930.65763656
20
577.03266464
10
930.53008548
20
574.80827234
10
930.38139483
20
572.58443696
10
930.21156462
20
570.3611585
10
930.02059483
20
568.13843696
10
929.80848548
20
565.91627234
10
929.57523656
20
563.69466464
10
929.32084806
20
561.47361386
10
929.04532
20
559.25312
0
LWPOLYLINE
5
233
100
AcDbEntity
8
symbols
6
ByLayer
62
256
370
-1
100
AcDbPolyline
90
21
70
0
10
888.91732
20
598.58312
10
890.98972
20
598.36652
10
893.06212
20
598.17272
10
895.13452
20
598.00172
10
897.20692
20
597.85352
10
899.27932
20
597.72812
10
901.35172
20
597.62552
10
903.42412
20
597.54572
10
905.49652
20
597.48872
10
907.56892
20
597.45452
10
909.64132
20
597.44312
10
911.71372
20
597.45452
10
913.78612
20
597.48872
10
915.85852
20
597.54572
10
917.93092
20
597.62552
10
920.00332
20
597.72812
10
922.07572
20
597.85352
10
924.14812
20
598.00172
10
926.22052
20
598.17272
10
928.29292
20
598.36652
10
930.36532
20
598.58312
0
LWPOLYLINE
5
234
100
AcDbEntity
8
symbols
6
ByLayer
62
256
370
-1
100
AcDbPolyline
90
31
70
0
10
889.31332
20
611.52212
10
889.58415172
20
611.30359737
10
889.85933195
20
611.10703533
10
890.13886069
20
610.93243387
10
890.42273793
20
610.77979299
10
890.71096367
20
610.6491127
10
891.00353793
20
610.54039299
10
891.30046069
20
610.45363387
10
891.60173195
20
610.38883533
10
891.90735172
20
610.34599737
10
892.21732
20
610.32512
10
896.93316607
20
610.17688606
10
900.82831476
20
610.06159299
10
904.10794041
20
609.97924081
10
906.97721738
20
609.92982949
10
909.64132
20
609.91335905
10
912.30542262
20
609.92982949
10
915.17469959
20
609.97924081
10
918.45432524
20
610.06159299
10
922.34947393
20
610.17688606
10
927.06532
20
610.32512
10
927.37528828
20
610.34599737
10
927.68090805
20
610.38883533
10
927.98217931
20
610.45363387
10
928.27910207
20
610.54039299
10
928.57167633
20
610.6491127
10
928.85990207
20
610.77979299
10
929.14377931
20
610.93243387
10
929.42330805
20
611.10703533
10
929.69848828
20
611.30359737
10
929.96932
20
611.52212
0
LWPOLYLINE
5
235
100
AcDbEntity
8
symbols
6
ByLayer
62
256
370
-1
100
AcDbPolyline
90
121
70
0
10
815.54613
20
523.47867
10
817.48653
20
523.69527
10
819.42693
20
523.88907
10
821.36733
20
524.06007
10
823.30773
20
524.20827
10
825.24813
20
524.33367
10
827.18853
20
524.43627
10
829.12893
20
524.51607
10
831.06933
20
524.57307
10
833.00973
20
524.60727
10
834.95013
20
524.61867
10
836.89053
20
524.60727
10
838.83093
20
524.57307
10
840.77133
20
524.51607
10
842.71173
20
524.43627
10
844.65213
20
524.33367
10
846.59253
20
524.20827
10
848.53293
20
524.06007
10
850.47333
20
523.88907
10
852.41373
20
523.69527
10
854.35413
20
523.47867
10
854.62965806
20
521.25817614
10
854.88404656
20
519.03712536
10
855.11729548
20
516.81551766
10
855.32940483
20
514.59335304
10
855.52037462
20
512.3706315
10
855.69020483
20
510.14735304
10
855.83889548
20
507.92351766
10
855.96644656
20
505.69912536
10
856.07285806
20
503.47417614
10
856.15813
20
501.24867
10
856.20485806
20
499.54117614
10
856.23044656
20
497.83312536
10
856.23489548
20
496.12451766
10
856.21820483
20
494.41535304
10
856.18037462
20
492.7056315
10
856.12140483
20
490.99535304
10
856.04129548
20
489.28451766
10
855.94004656
20
487.57312536
10
855.81765806
20
485.86117614
10
855.67413
20
484.14867
10
855.9388486
20
483.82991896
10
856.1730964
20
483.50853483
10
856.3768734
20
483.18451758
10
856.55017959
20
482.85786724
10
856.69301499
20
482.52858379
10
856.80537959
20
482.19666724
10
856.8872734
20
481.86211758
10
856.9386964
20
481.52493483
10
856.9596486
20
481.18511896
10
856.95013
20
480.84267
10
856.8496486
20
479.65751896
10
856.7186964
20
478.46973483
10
856.5572734
20
477.27931758
10
856.36537959
20
476.08626724
10
856.14301499
20
474.89058379
10
855.89017959
20
473.69226724
10
855.6068734
20
472.49131758
10
855.2930964
20
471.28773483
10
854.9488486
20
470.08151896
10
854.57413
20
468.87267
10
852.61173
20
468.63441
10
850.64933
20
468.42123
10
848.68693
20
468.23313
10
846.72453
20
468.07011
10
844.76213
20
467.93217
10
842.79973
20
467.81931
10
840.83733
20
467.73153
10
838.87493
20
467.66883
10
836.91253
20
467.63121
10
834.95013
20
467.61867
10
832.98773
20
467.63121
10
831.02533
20
467.66883
10
829.06293
20
467.73153
10
827.10053
20
467.81931
10
825.13813
20
467.93217
10
823.17573
20
468.07011
10
821.21333
20
468.23313
10
819.25093
20
468.42123
10
817.28853
20
468.63441
10
815.32613
20
468.87267
10
814.9514114
20
470.08151896
10
814.6071636
20
471.28773483
10
814.2933866
20
472.49131758
10
814.01008041
20
473.69226724
10
813.75724501
20
474.89058379
10
813.53488041
20
476.08626724
10
813.3429866
20
477.27931758
10
813.1815636
20
478.46973483
10
813.0506114
20
479.65751896
10
812.95013
20
480.84267
10
812.9406114
20
481.18511896
10
812.9615636
20
481.52493483
10
813.0129866
20
481.86211758
10
813.09488041
20
482.19666724
10
813.20724501
20
482.52858379
10
813.35008041
20
482.85786724
10
813.5233866
20
483.18451758
10
813.7271636
20
483.50853483
10
813.9614114
20
483.82991896
10
814.22613
20
484.14867
10
814.08260194
20
485.86117614
10
813.96021344
20
487.57312536
10
813.85896452
20
489.28451766
10
813.77885517
20
490.99535304
10
813.71988538
20
492.7056315
10
813.68205517
20
494.41535304
10
813.66536452
20
496.12451766
10
813.66981344
20
497.83312536
10
813.69540194
20
499.54117614
10
813.74213
20
501.24867
10
813.82740194
20
503.47417614
10
813.93381344
20
505.69912536
10
814.06136452
20
507.92351766
10
814.21005517
20
510.14735304
10
814.37988538
20
512.3706315
10
814.57085517
20
514.59335304
10
814.78296452
20
516.81551766
10
815.01621344
20
519.03712536
10
815.27060194
20
521.25817614
10
815.54613
20
523.47867
0
LWPOLYLINE
5
236
100
AcDbEntity
8
symbols
6
ByLayer
62
256
370
-1
100
AcDbPolyline
90
21
70
0
10
855.67413
20
484.14867
10
853.60173
20
484.36527
10
851.52933
20
484.55907
10
849.45693
20
484.73007
10
847.38453
20
484.87827
10
845.31213
20
485.00367
10
843.23973
20
485.10627
10
841.16733
20
485.18607
10
839.09493
20
485.24307
10
837.02253
20
485.27727
10
834.95013
20
485.28867
10
832.87773
20
485.27727
10
830.80533
20
485.24307
10
828.73293
20
485.18607
10
826.66053
20
485.10627
10
824.58813
20
485.00367
10
822.51573
20
484.87827
10
820.44333
20
484.73007
10
818.37093
20
484.55907
10
816.29853
20
484.36527
10
814.22613
20
484.14867
0
LWPOLYLINE
5
237
100
AcDbEntity
8
symbols
6
ByLayer
62
256
370
-1
100
AcDbPolyline
90
31
70
0
10
855.27813
20
471.20967
10
855.00729828
20
471.42819263
10
854.73211805
20
471.62475467
10
854.45258931
20
471.79935613
10
854.16871207
20
471.95199701
10
853.88048633
20
472.0826773
10
853.58791207
20
472.19139701
10
853.29098931
20
472.27815613
10
852.98971805
20
472.34295467
10
852.68409828
20
472.38579263
10
852.37413
20
472.40667
10
847.65828393
20
472.55490394
10
843.76313524
20
472.67019701
10
840.48350959
20
472.75254919
10
837.61423262
20
472.80196051
10
834.95013
20
472.81843095
10
832.28602738
20
472.80196051
10
829.41675041
20
472.75254919
10
826.13712476
20
472.67019701
10
822.24197607
20
472.55490394
10
817.52613
20
472.40667
10
817.21616172
20
472.38579263
10
816.91054195
20
472.34295467
10
816.60927069
20
472.27815613
10
816.31234793
20
472.19139701
10
816.01977367
20
472.0826773
10
815.73154793
20
471.95199701
10
815.44767069
20
471.79935613
10
815.16814195
20
471.62475467
10
814.89296172
20
471.42819263
10
814.62213
20
471.20967
0
LWPOLYLINE
5
238
100
AcDbEntity
8
symbols
6
ByLayer
62
256
370
-1
100
AcDbPolyline
90
121
70
0
10
794.31013
20
566.02267
10
794.52673
20
564.08227
10
794.72053
20
562.14187
10
794.89153
20
560.20147
10
795.03973
20
558.26107
10
795.16513
20
556.32067
10
795.26773
20
554.38027
10
795.34753
20
552.43987
10
795.40453
20
550.49947
10
795.43873
20
548.55907
10
795.45013
20
546.61867
10
795.43873
20
544.67827
10
795.40453
20
542.73787
10
795.34753
20
540.79747
10
795.26773
20
538.85707
10
795.16513
20
536.91667
10
795.03973
20
534.97627
10
794.89153
20
533.03587
10
794.72053
20
531.09547
10
794.52673
20
529.15507
10
794.31013
20
527.21467
10
792.08963614
20
526.93914194
10
789.86858536
20
526.68475344
10
787.64697766
20
526.45150452
10
785.42481304
20
526.23939517
10
783.2020915
20
526.04842538
10
780.97881304
20
525.87859517
10
778.75497766
20
525.72990452
10
776.53058536
20
525.60235344
10
774.30563614
20
525.49594194
10
772.08013
20
525.41067
10
770.37263614
20
525.36394194
10
768.66458536
20
525.33835344
10
766.95597766
20
525.33390452
10
765.24681304
20
525.35059517
10
763.5370915
20
525.38842538
10
761.82681304
20
525.44739517
10
760.11597766
20
525.52750452
10
758.40458536
20
525.62875344
10
756.69263614
20
525.75114194
10
754.98013
20
525.89467
10
754.66137896
20
525.6299514
10
754.33999483
20
525.3957036
10
754.01597758
20
525.1919266
10
753.68932724
20
525.01862041
10
753.36004379
20
524.87578501
10
753.02812724
20
524.76342041
10
752.69357758
20
524.6815266
10
752.35639483
20
524.6301036
10
752.01657896
20
524.6091514
10
751.67413
20
524.61867
10
750.48897896
20
524.7191514
10
749.30119483
20
524.8501036
10
748.11077758
20
525.0115266
10
746.91772724
20
525.20342041
10
745.72204379
20
525.42578501
10
744.52372724
20
525.67862041
10
743.32277758
20
525.9619266
10
742.11919483
20
526.2757036
10
740.91297896
20
526.6199514
10
739.70413
20
526.99467
10
739.46587
20
528.95707
10
739.25269
20
530.91947
10
739.06459
20
532.88187
10
738.90157
20
534.84427
10
738.76363
20
536.80667
10
738.65077
20
538.76907
10
738.56299
20
540.73147
10
738.50029
20
542.69387
10
738.46267
20
544.65627
10
738.45013
20
546.61867
10
738.46267
20
548.58107
10
738.50029
20
550.54347
10
738.56299
20
552.50587
10
738.65077
20
554.46827
10
738.76363
20
556.43067
10
738.90157
20
558.39307
10
739.06459
20
560.35547
10
739.25269
20
562.31787
10
739.46587
20
564.28027
10
739.70413
20
566.24267
10
740.91297896
20
566.6173886
10
742.11919483
20
566.9616364
10
743.32277758
20
567.2754134
10
744.52372724
20
567.55871959
10
745.72204379
20
567.81155499
10
746.91772724
20
568.03391959
10
748.11077758
20
568.2258134
10
749.30119483
20
568.3872364
10
750.48897896
20
568.5181886
10
751.67413
20
568.61867
10
752.01657896
20
568.6281886
10
752.35639483
20
568.6072364
10
752.69357758
20
568.5558134
10
753.02812724
20
568.47391959
10
753.36004379
20
568.36155499
10
753.68932724
20
568.21871959
10
754.01597758
20
568.0454134
10
754.33999483
20
567.8416364
10
754.66137896
20
567.6073886
10
754.98013
20
567.34267
10
756.69263614
20
567.48619806
10
758.40458536
20
567.60858656
10
760.11597766
20
567.70983548
10
761.82681304
20
567.78994483
10
763.5370915
20
567.84891462
10
765.24681304
20
567.88674483
10
766.95597766
20
567.90343548
10
768.66458536
20
567.89898656
10
770.37263614
20
567.87339806
10
772.08013
20
567.82667
10
774.30563614
20
567.74139806
10
776.53058536
20
567.63498656
10
778.75497766
20
567.50743548
10
780.97881304
20
567.35874483
10
783.2020915
20
567.18891462
10
785.42481304
20
566.99794483
10
787.64697766
20
566.78583548
10
789.86858536
20
566.55258656
10
792.08963614
20
566.29819806
10
794.31013
20
566.02267
0
LWPOLYLINE
5
239
100
AcDbEntity
8
symbols
6
ByLayer
62
256
370
-1
100
AcDbPolyline
90
21
70
0
10
754.98013
20
525.89467
10
755.19673
20
527.96707
10
755.39053
20
530.03947
10
755.56153
20
532.11187
10
755.70973
20
534.18427
10
755.83513
20
536.25667
10
755.93773
20
538.32907
10
756.01753
20
540.40147
10
756.07453
20
542.47387
10
756.10873
20
544.54627
10
756.12013
20
546.61867
10
756.10873
20
548.69107
10
756.07453
20
550.76347
10
756.01753
20
552.83587
10
755.93773
20
554.90827
10
755.83513
20
556.98067
10
755.70973
20
559.05307
10
755.56153
20
561.12547
10
755.39053
20
563.19787
10
755.19673
20
565.27027
10
754.98013
20
567.34267
0
LWPOLYLINE
5
23A
100
AcDbEntity
8
symbols
6
ByLayer
62
256
370
-1
100
AcDbPolyline
90
31
70
0
10
742.04113
20
526.29067
10
742.25965263
20
526.56150172
10
742.45621467
20
526.83668195
10
742.63081613
20
527.11621069
10
742.78345701
20
527.40008793
10
742.9141373
20
527.68831367
10
743.02285701
20
527.98088793
10
743.10961613
20
528.27781069
10
743.17441467
20
528.57908195
10
743.21725263
20
528.88470172
10
743.23813
20
529.19467
10
743.38636394
20
533.91051607
10
743.50165701
20
537.80566476
10
743.58400919
20
541.08529041
10
743.63342051
20
543.95456738
10
743.64989095
20
546.61867
10
743.63342051
20
549.28277262
10
743.58400919
20
552.15204959
10
743.50165701
20
555.43167524
10
743.38636394
20
559.32682393
10
743.23813
20
564.04267
10
743.21725263
20
564.35263828
10
743.17441467
20
564.65825805
10
743.10961613
20
564.95952931
10
743.02285701
20
565.25645207
10
742.9141373
20
565.54902633
10
742.78345701
20
565.83725207
10
742.63081613
20
566.12112931
10
742.45621467
20
566.40065805
10
742.25965263
20
566.67583828
10
742.04113
20
566.94667
0
LWPOLYLINE
5
23B
100
AcDbEntity
8
symbols
6
ByLayer
62
256
370
-1
100
AcDbPolyline
90
121
70
0
10
890.23732
20
523.47867
10
892.17772
20
523.69527
10
894.11812
20
523.88907
10
896.05852
20
524.06007
10
897.99892
20
524.20827
10
899.93932
20
524.33367
10
901.87972
20
524.43627
10
903.82012
20
524.51607
10
905.76052
20
524.57307
10
907.70092
20
524.60727
10
909.64132
20
524.61867
10
911.58172
20
524.60727
10
913.52212
20
524.57307
10
915.46252
20
524.51607
10
917.40292
20
524.43627
10
919.34332
20
524.33367
10
921.28372
20
524.20827
10
923.22412
20
524.06007
10
925.16452
20
523.88907
10
927.10492
20
523.69527
10
929.04532
20
523.47867
10
929.32084806
20
521.25817614
10
929.57523656
20
519.03712536
10
929.80848548
20
516.81551766
10
930.02059483
20
514.59335304
10
930.21156462
20
512.3706315
10
930.38139483
20
510.14735304
10
930.53008548
20
507.92351766
10
930.65763656
20
505.69912536
10
930.76404806
20
503.47417614
10
930.84932
20
501.24867
10
930.89604806
20
499.54117614
10
930.92163656
20
497.83312536
10
930.92608548
20
496.12451766
10
930.90939483
20
494.41535304
10
930.87156462
20
492.7056315
10
930.81259483
20
490.99535304
10
930.73248548
20
489.28451766
10
930.63123656
20
487.57312536
10
930.50884806
20
485.86117614
10
930.36532
20
484.14867
10
930.6300386
20
483.82991896
10
930.8642864
20
483.50853483
10
931.0680634
20
483.18451758
10
931.24136959
20
482.85786724
10
931.38420499
20
482.52858379
10
931.49656959
20
482.19666724
10
931.5784634
20
481.86211758
10
931.6298864
20
481.52493483
10
931.6508386
20
481.18511896
10
931.64132
20
480.84267
10
931.5408386
20
479.65751896
10
931.4098864
20
478.46973483
10
931.2484634
20
477.27931758
10
931.05656959
20
476.08626724
10
930.83420499
20
474.89058379
10
930.58136959
20
473.69226724
10
930.2980634
20
472.49131758
10
929.9842864
20
471.28773483
10
929.6400386
20
470.08151896
10
929.26532
20
468.87267
10
927.30292
20
468.63441
10
925.34052
20
468.42123
10
923.37812
20
468.23313
10
921.41572
20
468.07011
10
919.45332
20
467.93217
10
917.49092
20
467.81931
10
915.52852
20
467.73153
10
913.56612
20
467.66883
10
911.60372
20
467.63121
10
909.64132
20
467.61867
10
907.67892
20
467.63121
10
905.71652
20
467.66883
10
903.75412
20
467.73153
10
901.79172
20
467.81931
10
899.82932
20
467.93217
10
897.86692
20
468.07011
10
895.90452
20
468.23313
10
893.94212
20
468.42123
10
891.97972
20
468.63441
10
890.01732
20
468.87267
10
889.6426014
20
470.08151896
10
889.2983536
20
471.28773483
10
888.9845766
20
472.49131758
10
888.70127041
20
473.69226724
10
888.44843501
20
474.89058379
10
888.22607041
20
476.08626724
10
888.0341766
20
477.27931758
10
887.8727536
20
478.46973483
10
887.7418014
20
479.65751896
10
887.64132
20
480.84267
10
887.6318014
20
481.18511896
10
887.6527536
20
481.52493483
10
887.7041766
20
481.86211758
10
887.78607041
20
482.19666724
10
887.89843501
20
482.52858379
10
888.04127041
20
482.85786724
10
888.2145766
20
483.18451758
10
888.4183536
20
483.50853483
10
888.6526014
20
483.82991896
10
888.91732
20
484.14867
10
888.77379194
20
485.86117614
10
888.65140344
20
487.57312536
10
888.55015452
20
489.28451766
10
888.47004517
20
490.99535304
10
888.41107538
20
492.7056315
10
888.37324517
20
494.41535304
10
888.35655452
20
496.12451766
10
888.36100344
20
497.83312536
10
888.38659194
20
499.54117614
10
888.43332
20
501.24867
10
888.51859194
20
503.47417614
10
888.62500344
20
505.69912536
10
888.75255452
20
507.92351766
10
888.90124517
20
510.14735304
10
889.07107538
20
512.3706315
10
889.26204517
20
514.59335304
10
889.47415452
20
516.81551766
10
889.70740344
20
519.03712536
10
889.96179194
20
521.25817614
10
890.23732
20
523.47867
0
LWPOLYLINE
5
23C
100
AcDbEntity
8
symbols
6
ByLayer
62
256
370
-1
100
AcDbPolyline
90
21
70
0
10
930.36532
20
484.14867
10
928.29292
20
484.36527
10
926.22052
20
484.55907
10
924.14812
20
484.73007
10
922.07572
20
484.87827
10
920.00332
20
485.00367
10
917.93092
20
485.10627
10
915.85852
20
485.18607
10
913.78612
20
485.24307
10
911.71372
20
485.27727
10
909.64132
20
485.28867
10
907.56892
20
485.27727
10
905.49652
20
485.24307
10
903.42412
20
485.18607
10
901.35172
20
485.10627
10
899.27932
20
485.00367
10
897.20692
20
484.87827
10
895.13452
20
484.73007
10
893.06212
20
484.55907
10
890.98972
20
484.36527
10
888.91732
20
484.14867
0
LWPOLYLINE
5
23D
100
AcDbEntity
8
symbols
6
ByLayer
62
256
370
-1
100
AcDbPolyline
90
31
70
0
10
929.96932
20
471.20967
10
929.69848828
20
471.42819263
10
929.42330805
20
471.62475467
10
929.14377931
20
471.79935613
10
928.85990207
20
471.95199701
10
928.57167633
20
472.0826773
10
928.27910207
20
472.19139701
10
927.98217931
20
472.27815613
10
927.68090805
20
472.34295467
10
927.37528828
20
472.38579263
10
927.06532
20
472.40667
10
922.34947393
20
472.55490394
10
918.45432524
20
472.67019701
10
915.17469959
20
472.75254919
10
912.30542262
20
472.80196051
10
909.64132
20
472.81843095
10
906.97721738
20
472.80196051
10
904.10794041
20
472.75254919
10
900.82831476
20
472.67019701
10
896.93316607
20
472.55490394
10
892.21732
20
472.40667
10
891.90735172
20
472.38579263
10
891.60173195
20
472.34295467
10
891.30046069
20
472.27815613
10
891.00353793
20
472.19139701
10
890.71096367
20
472.0826773
10
890.42273793
20
471.95199701
10
890.13886069
20
471.79935613
10
889.85933195
20
471.62475467
10
889.58415172
20
471.42819263
10
889.31332
20
471.20967
0
LWPOLYLINE
5
23E
100
AcDbEntity
8
symbols
6
ByLayer
62
256
370
-1
100
AcDbPolyline
90
121
70
0
10
948.3933
20
527.21467
10
948.1767
20
529.15507
10
947.9829
20
531.09547
10
947.8119
20
533.03587
10
947.6637
20
534.97627
10
947.5383
20
536.91667
10
947.4357
20
538.85707
10
947.3559
20
540.79747
10
947.2989
20
542.73787
10
947.2647
20
544.67827
10
947.2533
20
546.61867
10
947.2647
20
548.55907
10
947.2989
20
550.49947
10
947.3559
20
552.43987
10
947.4357
20
554.38027
10
947.5383
20
556.32067
10
947.6637
20
558.26107
10
947.8119
20
560.20147
10
947.9829
20
562.14187
10
948.1767
20
564.08227
10
948.3933
20
566.02267
10
950.61379386
20
566.29819806
10
952.83484464
20
566.55258656
10
955.05645234
20
566.78583548
10
957.27861696
20
566.99794483
10
959.5013385
20
567.18891462
10
961.72461696
20
567.35874483
10
963.94845234
20
567.50743548
10
966.17284464
20
567.63498656
10
968.39779386
20
567.74139806
10
970.6233
20
567.82667
10
972.33079386
20
567.87339806
10
974.03884464
20
567.89898656
10
975.74745234
20
567.90343548
10
977.45661696
20
567.88674483
10
979.1663385
20
567.84891462
10
980.87661696
20
567.78994483
10
982.58745234
20
567.70983548
10
984.29884464
20
567.60858656
10
986.01079386
20
567.48619806
10
987.7233
20
567.34267
10
988.04205104
20
567.6073886
10
988.36343517
20
567.8416364
10
988.68745242
20
568.0454134
10
989.01410276
20
568.21871959
10
989.34338621
20
568.36155499
10
989.67530276
20
568.47391959
10
990.00985242
20
568.5558134
10
990.34703517
20
568.6072364
10
990.68685104
20
568.6281886
10
991.0293
20
568.61867
10
992.21445104
20
568.5181886
10
993.40223517
20
568.3872364
10
994.59265242
20
568.2258134
10
995.78570276
20
568.03391959
10
996.98138621
20
567.81155499
10
998.17970276
20
567.55871959
10
999.38065242
20
567.2754134
10
1000.58423517
20
566.9616364
10
1001.79045104
20
566.6173886
10
1002.9993
20
566.24267
10
1003.23756
20
564.28027
10
1003.45074
20
562.31787
10
1003.63884
20
560.35547
10
1003.80186
20
558.39307
10
1003.9398
20
556.43067
10
1004.05266
20
554.46827
10
1004.14044
20
552.50587
10
1004.20314
20
550.54347
10
1004.24076
20
548.58107
10
1004.2533
20
546.61867
10
1004.24076
20
544.65627
10
1004.20314
20
542.69387
10
1004.14044
20
540.73147
10
1004.05266
20
538.76907
10
1003.9398
20
536.80667
10
1003.80186
20
534.84427
10
1003.63884
20
532.88187
10
1003.45074
20
530.91947
10
1003.23756
20
528.95707
10
1002.9993
20
526.99467
10
1001.79045104
20
526.6199514
10
1000.58423517
20
526.2757036
10
999.38065242
20
525.9619266
10
998.17970276
20
525.67862041
10
996.98138621
20
525.42578501
10
995.78570276
20
525.20342041
10
994.59265242
20
525.0115266
10
993.40223517
20
524.8501036
10
992.21445104
20
524.7191514
10
991.0293
20
524.61867
10
990.68685104
20
524.6091514
10
990.34703517
20
524.6301036
10
990.00985242
20
524.6815266
10
989.67530276
20
524.76342041
10
989.34338621
20
524.87578501
10
989.01410276
20
525.01862041
10
988.68745242
20
525.1919266
10
988.36343517
20
525.3957036
10
988.04205104
20
525.6299514
10
987.7233
20
525.89467
10
986.01079386
20
525.75114194
10
984.29884464
20
525.62875344
10
982.58745234
20
525.52750452
10
980.87661696
20
525.44739517
10
979.1663385
20
525.38842538
10
977.45661696
20
525.35059517
10
975.74745234
20
525.33390452
10
974.03884464
20
525.33835344
10
972.33079386
20
525.36394194
10
970.6233
20
525.41067
10
968.39779386
20
525.49594194
10
966.17284464
20
525.60235344
10
963.94845234
20
525.72990452
10
961.72461696
20
525.87859517
10
959.5013385
20
526.04842538
10
957.27861696
20
526.23939517
10
955.05645234
20
526.45150452
10
952.83484464
20
526.68475344
10
950.61379386
20
526.93914194
10
948.3933
20
527.21467
0
LWPOLYLINE
5
23F
100
AcDbEntity
8
symbols
6
ByLayer
62
256
370
-1
100
AcDbPolyline
90
21
70
0
10
987.7233
20
567.34267
10
987.5067
20
565.27027
10
987.3129
20
563.19787
10
987.1419
20
561.12547
10
986.9937
20
559.05307
10
986.8683
20
556.98067
10
986.7657
20
554.90827
10
986.6859
20
552.83587
10
986.6289
20
550.76347
10
986.5947
20
548.69107
10
986.5833
20
546.61867
10
986.5947
20
544.54627
10
986.6289
20
542.47387
10
986.6859
20
540.40147
10
986.7657
20
538.32907
10
986.8683
20
536.25667
10
986.9937
20
534.18427
10
987.1419
20
532.11187
10
987.3129
20
530.03947
10
987.5067
20
527.96707
10
987.7233
20
525.89467
0
LWPOLYLINE
5
240
100
AcDbEntity
8
symbols
6
ByLayer
62
256
370
-1
100
AcDbPolyline
90
31
70
0
10
1000.6623
20
566.94667
10
1000.44377737
20
566.67583828
10
1000.24721533
20
566.40065805
10
1000.07261387
20
566.12112931
10
999.91997299
20
565.83725207
10
999.7892927
20
565.54902633
10
999.68057299
20
565.25645207
10
999.59381387
20
564.95952931
10
999.52901533
20
564.65825805
10
999.48617737
20
564.35263828
10
999.4653
20
564.04267
10
999.31706606
20
559.32682393
10
999.20177299
20
555.43167524
10
999.11942081
20
552.15204959
10
999.07000949
20
549.28277262
10
999.05353905
20
546.61867
10
999.07000949
20
543.95456738
10
999.11942081
20
541.08529041
10
999.20177299
20
537.80566476
10
999.31706606
20
533.91051607
10
999.4653
20
529.19467
10
999.48617737
20
528.88470172
10
999.52901533
20
528.57908195
10
999.59381387
20
528.27781069
10
999.68057299
20
527.98088793
10
999.7892927
20
527.68831367
10
999.91997299
20
527.40008793
10
1000.07261387
20
527.11621069
10
1000.24721533
20
526.83668195
10
1000.44377737
20
526.56150172
10
1000.6623
20
526.29067
0
LWPOLYLINE
5
241
100
AcDbEntity
8
symbols
6
ByLayer
62
256
370
-1
100
AcDbPolyline
90
4
70
1
10
766.51882
20
500.07216
10
971.51882
20
500.07216
10
971.51882
20
590.07216
10
766.51882
20
590.07216
0
LWPOLYLINE
5
242
100
AcDbEntity
8
symbols
6
ByLayer
62
256
370
-1
100
AcDbPolyline
90
4
70
1
10
697.38151
20
655.590885
10
697.38151
20
424.666975
10
1030.72075
20
424.666975
10
1030.72075
20
655.590885
0
LWPOLYLINE
5
243
100
AcDbEntity
8
symbols
6
ByLayer
62
256
370
-1
100
AcDbPolyline
90
121
70
0
10
854.35413
20
559.25312
10
852.41373
20
559.03652
10
850.47333
20
558.84272
10
848.53293
20
558.67172
10
846.59253
20
558.52352
10
844.65213
20
558.39812
10
842.71173
20
558.29552
10
840.77133
20
558.21572
10
838.83093
20
558.15872
10
836.89053
20
558.12452
10
834.95013
20
558.11312
10
833.00973
20
558.12452
10
831.06933
20
558.15872
10
829.12893
20
558.21572
10
827.18853
20
558.29552
10
825.24813
20
558.39812
10
823.30773
20
558.52352
10
821.36733
20
558.67172
10
819.42693
20
558.84272
10
817.48653
20
559.03652
10
815.54613
20
559.25312
10
815.27060194
20
561.47361386
10
815.01621344
20
563.69466464
10
814.78296452
20
565.91627234
10
814.57085517
20
568.13843696
10
814.37988538
20
570.3611585
10
814.21005517
20
572.58443696
10
814.06136452
20
574.80827234
10
813.93381344
20
577.03266464
10
813.82740194
20
579.25761386
10
813.74213
20
581.48312
10
813.69540194
20
583.19061386
10
813.66981344
20
584.89866464
10
813.66536452
20
586.60727234
10
813.68205517
20
588.31643696
10
813.71988538
20
590.0261585
10
813.77885517
20
591.73643696
10
813.85896452
20
593.44727234
10
813.96021344
20
595.15866464
10
814.08260194
20
596.87061386
10
814.22613
20
598.58312
10
813.9614114
20
598.90187104
10
813.7271636
20
599.22325517
10
813.5233866
20
599.54727242
10
813.35008041
20
599.87392276
10
813.20724501
20
600.20320621
10
813.09488041
20
600.53512276
10
813.0129866
20
600.86967242
10
812.9615636
20
601.20685517
10
812.9406114
20
601.54667104
10
812.95013
20
601.88912
10
813.0506114
20
603.07427104
10
813.1815636
20
604.26205517
10
813.3429866
20
605.45247242
10
813.53488041
20
606.64552276
10
813.75724501
20
607.84120621
10
814.01008041
20
609.03952276
10
814.2933866
20
610.24047242
10
814.6071636
20
611.44405517
10
814.9514114
20
612.65027104
10
815.32613
20
613.85912
10
817.28853
20
614.09738
10
819.25093
20
614.31056
10
821.21333
20
614.49866
10
823.17573
20
614.66168
10
825.13813
20
614.79962
10
827.10053
20
614.91248
10
829.06293
20
615.00026
10
831.02533
20
615.06296
10
832.98773
20
615.10058
10
834.95013
20
615.11312
10
836.91253
20
615.10058
10
838.87493
20
615.06296
10
840.83733
20
615.00026
10
842.79973
20
614.91248
10
844.76213
20
614.79962
10
846.72453
20
614.66168
10
848.68693
20
614.49866
10
850.64933
20
614.31056
10
852.61173
20
614.09738
10
854.57413
20
613.85912
10
854.9488486
20
612.65027104
10
855.2930964
20
611.44405517
10
855.6068734
20
610.24047242
10
855.89017959
20
609.03952276
10
856.14301499
20
607.84120621
10
856.36537959
20
606.64552276
10
856.5572734
20
605.45247242
10
856.7186964
20
604.26205517
10
856.8496486
20
603.07427104
10
856.95013
20
601.88912
10
856.9596486
20
601.54667104
10
856.9386964
20
601.20685517
10
856.8872734
20
600.86967242
10
856.80537959
20
600.53512276
10
856.69301499
20
600.20320621
10
856.55017959
20
599.87392276
10
856.3768734
20
599.54727242
10
856.1730964
20
599.22325517
10
855.9388486
20
598.90187104
10
855.67413
20
598.58312
10
855.81765806
20
596.87061386
10
855.94004656
20
595.15866464
10
856.04129548
20
593.44727234
10
856.12140483
20
591.73643696
10
856.18037462
20
590.0261585
10
856.21820483
20
588.31643696
10
856.23489548
20
586.60727234
10
856.23044656
20
584.89866464
10
856.20485806
20
583.19061386
10
856.15813
20
581.48312
10
856.07285806
20
579.25761386
10
855.96644656
20
577.03266464
10
855.83889548
20
574.80827234
10
855.69020483
20
572.58443696
10
855.52037462
20
570.3611585
10
855.32940483
20
568.13843696
10
855.11729548
20
565.91627234
10
854.88404656
20
563.69466464
10
854.62965806
20
561.47361386
10
854.35413
20
559.25312
0
LWPOLYLINE
5
244
100
AcDbEntity
8
symbols
6
ByLayer
62
256
370
-1
100
AcDbPolyline
90
21
70
0
10
814.22613
20
598.58312
10
816.29853
20
598.36652
10
818.37093
20
598.17272
10
820.44333
20
598.00172
10
822.51573
20
597.85352
10
824.58813
20
597.72812
10
826.66053
20
597.62552
10
828.73293
20
597.54572
10
830.80533
20
597.48872
10
832.87773
20
597.45452
10
834.95013
20
597.44312
10
837.02253
20
597.45452
10
839.09493
20
597.48872
10
841.16733
20
597.54572
10
843.23973
20
597.62552
10
845.31213
20
597.72812
10
847.38453
20
597.85352
10
849.45693
20
598.00172
10
851.52933
20
598.17272
10
853.60173
20
598.36652
10
855.67413
20
598.58312
0
LWPOLYLINE
5
245
100
AcDbEntity
8
symbols
6
ByLayer
62
256
370
-1
100
AcDbPolyline
90
31
70
0
10
814.62213
20
611.52212
10
814.89296172
20
611.30359737
10
815.16814195
20
611.10703533
10
815.44767069
20
610.93243387
10
815.73154793
20
610.77979299
10
816.01977367
20
610.6491127
10
816.31234793
20
610.54039299
10
816.60927069
20
610.45363387
10
816.91054195
20
610.38883533
10
817.21616172
20
610.34599737
10
817.52613
20
610.32512
10
822.24197607
20
610.17688606
10
826.13712476
20
610.06159299
10
829.41675041
20
609.97924081
10
832.28602738
20
609.92982949
10
834.95013
20
609.91335905
10
837.61423262
20
609.92982949
10
840.48350959
20
609.97924081
10
843.76313524
20
610.06159299
10
847.65828393
20
610.17688606
10
852.37413
20
610.32512
10
852.68409828
20
610.34599737
10
852.98971805
20
610.38883533
10
853.29098931
20
610.45363387
10
853.58791207
20
610.54039299
10
853.88048633
20
610.6491127
10
854.16871207
20
610.77979299
10
854.45258931
20
610.93243387
10
854.73211805
20
611.10703533
10
855.00729828
20
611.30359737
10
855.27813
20
611.52212
0
LWPOLYLINE
5
246
100
AcDbEntity
8
symbols
6
ByLayer
62
256
370
-1
100
AcDbPolyline
90
4
70
1
10
763.62867
20
291.18344
10
763.62867
20
211.18344
10
765.62867
20
211.18344
10
765.62867
20
291.18344
0
LWPOLYLINE
5
247
100
AcDbEntity
8
symbols
6
ByLayer
62
256
370
-1
100
AcDbPolyline
90
4
70
1
10
752.18909507
20
286.71016271
10
752.14941947
20
286.21173935
10
777.06824493
20
284.22814586
10
777.10792053
20
284.72656922
0
LWPOLYLINE
5
248
100
AcDbEntity
8
symbols
6
ByLayer
62
256
370
-1
100
AcDbPolyline
90
2
70
0
10
761.53365462
20
285.96631515
10
761.49397902
20
285.46789179
0
LWPOLYLINE
5
249
100
AcDbEntity
8
symbols
6
ByLayer
62
256
370
-1
100
AcDbPolyline
90
2
70
0
10
767.72368538
20
284.97199342
10
767.76336098
20
285.47041678
0
LWPOLYLINE
5
24A
100
AcDbEntity
8
symbols
6
ByLayer
62
256
370
-1
100
AcDbPolyline
90
4
70
1
10
752.17137791
20
275.08891491
10
752.13942118
20
274.58993719
10
777.08596209
20
272.99225081
10
777.11791882
20
273.49122853
0
LWPOLYLINE
5
24B
100
AcDbEntity
8
symbols
6
ByLayer
62
256
370
-1
100
AcDbPolyline
90
2
70
0
10
761.52633075
20
274.48978252
10
761.49437402
20
273.99080479
0
LWPOLYLINE
5
24C
100
AcDbEntity
8
symbols
6
ByLayer
62
256
370
-1
100
AcDbPolyline
90
2
70
0
10
767.73100925
20
273.5913832
10
767.76296598
20
274.09036092
0
LWPOLYLINE
5
24D
100
AcDbEntity
8
symbols
6
ByLayer
62
256
370
-1
100
AcDbPolyline
90
4
70
1
10
752.1410156
20
262.02753394
10
752.17437555
20
261.52864807
10
777.1163244
20
263.19648891
10
777.08296445
20
263.69537479
0
LWPOLYLINE
5
24E
100
AcDbEntity
8
symbols
6
ByLayer
62
256
370
-1
100
AcDbPolyline
90
2
70
0
10
761.49424642
20
262.65297426
10
761.52760637
20
262.15408839
0
LWPOLYLINE
5
24F
100
AcDbEntity
8
symbols
6
ByLayer
62
256
370
-1
100
AcDbPolyline
90
2
70
0
10
767.76309358
20
262.5710486
10
767.72973363
20
263.06993447
0
LWPOLYLINE
5
250
100
AcDbEntity
8
symbols
6
ByLayer
62
256
370
-1
100
AcDbPolyline
90
4
70
1
10
752.14823255
20
250.46107757
10
752.18710044
20
249.96259057
10
777.10910745
20
251.90580243
10
777.07023956
20
252.40428943
0
LWPOLYLINE
5
251
100
AcDbEntity
8
symbols
6
ByLayer
62
256
370
-1
100
AcDbPolyline
90
2
70
0
10
761.49398518
20
251.18978202
10
761.53285307
20
250.69129502
0
LWPOLYLINE
5
252
100
AcDbEntity
8
symbols
6
ByLayer
62
256
370
-1
100
AcDbPolyline
90
2
70
0
10
767.76335482
20
251.17709798
10
767.72448693
20
251.67558498
0
LWPOLYLINE
5
253
100
AcDbEntity
8
symbols
6
ByLayer
62
256
370
-1
100
AcDbPolyline
90
4
70
1
10
752.16514727
20
240.72632501
10
752.13626961
20
240.22715962
10
777.09219273
20
238.78341214
10
777.12107039
20
239.28257752
0
LWPOLYLINE
5
254
100
AcDbEntity
8
symbols
6
ByLayer
62
256
370
-1
100
AcDbPolyline
90
2
70
0
10
761.52361844
20
240.1849197
10
761.49474078
20
239.68575432
0
LWPOLYLINE
5
255
100
AcDbEntity
8
symbols
6
ByLayer
62
256
370
-1
100
AcDbPolyline
90
2
70
0
10
767.73372156
20
239.32481744
10
767.76259922
20
239.82398283
0
LWPOLYLINE
5
256
100
AcDbEntity
8
symbols
6
ByLayer
62
256
370
-1
100
AcDbPolyline
90
4
70
1
10
752.28862359
20
230.32789177
10
752.21845425
20
229.83283999
10
776.96871641
20
226.32470252
10
777.03888575
20
226.81975429
0
LWPOLYLINE
5
257
100
AcDbEntity
8
symbols
6
ByLayer
62
256
370
-1
100
AcDbPolyline
90
2
70
0
10
761.5699719
20
229.01234022
10
761.49980256
20
228.51728844
0
LWPOLYLINE
5
258
100
AcDbEntity
8
symbols
6
ByLayer
62
256
370
-1
100
AcDbPolyline
90
2
70
0
10
767.6873681
20
227.64025407
10
767.75753744
20
228.13530585
0
LWPOLYLINE
5
259
100
AcDbEntity
8
symbols
6
ByLayer
62
256
370
-1
100
AcDbPolyline
90
4
70
1
10
752.13150683
20
216.57517494
10
752.15440052
20
216.07569934
10
777.12583317
20
217.22027649
10
777.10293948
20
217.71975209
0
LWPOLYLINE
5
25A
100
AcDbEntity
8
symbols
6
ByLayer
62
256
370
-1
100
AcDbPolyline
90
2
70
0
10
761.49579407
20
217.00439137
10
761.51868777
20
216.50491577
0
LWPOLYLINE
5
25B
100
AcDbEntity
8
symbols
6
ByLayer
62
256
370
-1
100
AcDbPolyline
90
2
70
0
10
767.76154593
20
216.79106006
10
767.73865223
20
217.29053566
0
LWPOLYLINE
5
25C
100
AcDbEntity
8
symbols
6
ByLayer
62
256
370
-1
100
AcDbPolyline
90
5
70
0
10
1110.6569
20
926.93786
10
1110.6569
20
774.53786
10
1151.2969
20
774.53786
10
1151.2969
20
926.93786
10
1110.6569
20
926.93786
0
LWPOLYLINE
5
25D
100
AcDbEntity
8
symbols
6
ByLayer
62
256
370
-1
100
AcDbPolyline
90
3
70
0
10
1147.2969
20
926.93786
10
1147.2969
20
922.93786
10
1151.2969
20
922.93786
0
LWPOLYLINE
5
25E
100
AcDbEntity
8
symbols
6
ByLayer
62
256
370
-1
100
AcDbPolyline
90
3
70
0
10
1147.2969
20
774.53786
10
1147.2969
20
778.53786
10
1151.2969
20
778.53786
0
LWPOLYLINE
5
25F
100
AcDbEntity
8
symbols
6
ByLayer
62
256
370
-1
100
AcDbPolyline
90
3
70
0
10
1114.6569
20
774.53786
10
1114.6569
20
778.53786
10
1110.6569
20
778.53786
0
LWPOLYLINE
5
260
100
AcDbEntity
8
symbols
6
ByLayer
62
256
370
-1
100
AcDbPolyline
90
3
70
0
10
1114.6569
20
926.93786
10
1114.6569
20
922.93786
10
1110.6569
20
922.93786
0
LWPOLYLINE
5
261
100
AcDbEntity
8
symbols
6
ByLayer
62
256
370
-1
100
AcDbPolyline
90
4
70
1
10
192.595
20
133.77272
10
147.595
20
133.77272
10
147.595
20
73.77272
10
192.595
20
73.77272
0
LWPOLYLINE
5
262
100
AcDbEntity
8
symbols
6
ByLayer
62
256
370
-1
100
AcDbPolyline
90
2
70
0
10
147.595
20
131.77272
10
192.595
20
131.77272
0
LWPOLYLINE
5
263
100
AcDbEntity
8
symbols
6
ByLayer
62
256
370
-1
100
AcDbPolyline
90
3
70
0
10
190.595
20
133.77272
10
190.595
20
135.77272
10
187.595
20
135.77272
0
LWPOLYLINE
5
264
100
AcDbEntity
8
symbols
6
ByLayer
62
256
370
-1
100
AcDbPolyline
90
4
70
1
10
282.595
20
104.77272
10
192.595
20
104.77272
10
192.595
20
73.77272
10
282.595
20
73.77272
0
LWPOLYLINE
5
265
100
AcDbEntity
8
symbols
6
ByLayer
62
256
370
-1
100
AcDbPolyline
90
2
70
0
10
192.595
20
102.77272
10
282.595
20
102.77272
0
LWPOLYLINE
5
266
100
AcDbEntity
8
symbols
6
ByLayer
62
256
370
-1
100
AcDbPolyline
90
2
70
0
10
237.595
20
102.77272
10
237.595
20
104.77272
0
LWPOLYLINE
5
267
100
AcDbEntity
8
symbols
6
ByLayer
62
256
370
-1
100
AcDbPolyline
90
3
70
0
10
235.595
20
104.77272
10
235.595
20
106.77272
10
232.595
20
106.77272
0
LWPOLYLINE
5
268
100
AcDbEntity
8
symbols
6
ByLayer
62
256
370
-1
100
AcDbPolyline
90
3
70
0
10
239.595
20
104.77272
10
239.595
20
106.77272
10
242.595
20
106.77272
0
LWPOLYLINE
5
269
100
AcDbEntity
8
symbols
6
ByLayer
62
256
370
-1
100
AcDbPolyline
90
4
70
1
10
372.595
20
105.11424
10
282.595
20
105.11424
10
282.595
20
74.11424
10
372.595
20
74.11424
0
LWPOLYLINE
5
26A
100
AcDbEntity
8
symbols
6
ByLayer
62
256
370
-1
100
AcDbPolyline
90
2
70
0
10
282.595
20
103.11424
10
372.595
20
103.11424
0
LWPOLYLINE
5
26B
100
AcDbEntity
8
symbols
6
ByLayer
62
256
370
-1
100
AcDbPolyline
90
2
70
0
10
327.595
20
103.11424
10
327.595
20
105.11424
0
LWPOLYLINE
5
26C
100
AcDbEntity
8
symbols
6
ByLayer
62
256
370
-1
100
AcDbPolyline
90
3
70
0
10
325.595
20
105.11424
10
325.595
20
107.11424
10
322.595
20
107.11424
0
LWPOLYLINE
5
26D
100
AcDbEntity
8
symbols
6
ByLayer
62
256
370
-1
100
AcDbPolyline
90
3
70
0
10
329.595
20
105.11424
10
329.595
20
107.11424
10
332.595
20
107.11424
0
LWPOLYLINE
5
26E
100
AcDbEntity
8
symbols
6
ByLayer
62
256
370
-1
100
AcDbPolyline
90
4
70
1
10
462.595
20
105.45576
10
372.595
20
105.45576
10
372.595
20
74.45576
10
462.595
20
74.45576
0
LWPOLYLINE
5
26F
100
AcDbEntity
8
symbols
6
ByLayer
62
256
370
-1
100
AcDbPolyline
90
2
70
0
10
372.595
20
103.45576
10
462.595
20
103.45576
0
LWPOLYLINE
5
270
100
AcDbEntity
8
symbols
6
ByLayer
62
256
370
-1
100
AcDbPolyline
90
2
70
0
10
417.595
20
103.45576
10
417.595
20
105.45576
0
LWPOLYLINE
5
271
100
AcDbEntity
8
symbols
6
ByLayer
62
256
370
-1
100
AcDbPolyline
90
3
70
0
10
415.595
20
105.45576
10
415.595
20
107.45576
10
412.595
20
107.45576
0
LWPOLYLINE
5
272
100
AcDbEntity
8
symbols
6
ByLayer
62
256
370
-1
100
AcDbPolyline
90
3
70
0
10
419.595
20
105.45576
10
419.595
20
107.45576
10
422.595
20
107.45576
0
LWPOLYLINE
5
273
100
AcDbEntity
8
symbols
6
ByLayer
62
256
370
-1
100
AcDbPolyline
90
44
70
1
10
369.3315
20
131.77272
10
369.30532338
20
132.09713039
10
369.22953867
20
132.40487469
10
369.10826364
20
132.69183515
10
368.94561602
20
132.95389402
10
368.74571356
20
133.18693356
10
368.51267402
20
133.38683602
10
368.25061515
20
133.54948364
10
367.96365469
20
133.67075867
10
367.65591039
20
133.74654338
10
367.3315
20
133.77272
10
286.3315
20
133.77272
10
286.00708961
20
133.74654338
10
285.69934531
20
133.67075867
10
285.41238485
20
133.54948364
10
285.15032598
20
133.38683602
10
284.91728644
20
133.18693356
10
284.71738398
20
132.95389402
10
284.55473636
20
132.69183515
10
284.43346133
20
132.40487469
10
284.35767662
20
132.09713039
10
284.3315
20
131.77272
10
284.3315
20
90.77272
10
284.35767662
20
90.44830961
10
284.43346133
20
90.14056531
10
284.55473636
20
89.85360485
10
284.71738398
20
89.59154598
10
284.91728644
20
89.35850644
10
285.15032598
20
89.15860398
10
285.41238485
20
88.99595636
10
285.69934531
20
88.87468133
10
286.00708961
20
88.79889662
10
286.3315
20
88.77272
10
367.3315
20
88.77272
10
367.65591039
20
88.79889662
10
367.96365469
20
88.87468133
10
368.25061515
20
88.99595636
10
368.51267402
20
89.15860398
10
368.74571356
20
89.35850644
10
368.94561602
20
89.59154598
10
369.10826364
20
89.85360485
10
369.22953867
20
90.14056531
10
369.30532338
20
90.44830961
10
369.3315
20
90.77272
0
LWPOLYLINE
5
274
100
AcDbEntity
8
symbols
6
ByLayer
62
256
370
-1
100
AcDbPolyline
90
44
70
1
10
365.3315
20
127.77272
10
365.30532338
20
128.09713039
10
365.22953867
20
128.40487469
10
365.10826364
20
128.69183515
10
364.94561602
20
128.95389402
10
364.74571356
20
129.18693356
10
364.51267402
20
129.38683602
10
364.25061515
20
129.54948364
10
363.96365469
20
129.67075867
10
363.65591039
20
129.74654338
10
363.3315
20
129.77272
10
330.8315
20
129.77272
10
330.50708961
20
129.74654338
10
330.19934531
20
129.67075867
10
329.91238485
20
129.54948364
10
329.65032598
20
129.38683602
10
329.41728644
20
129.18693356
10
329.21738398
20
128.95389402
10
329.05473636
20
128.69183515
10
328.93346133
20
128.40487469
10
328.85767662
20
128.09713039
10
328.8315
20
127.77272
10
328.8315
20
99.77272
10
328.85767662
20
99.44830961
10
328.93346133
20
99.14056531
10
329.05473636
20
98.85360485
10
329.21738398
20
98.59154598
10
329.41728644
20
98.35850644
10
329.65032598
20
98.15860398
10
329.91238485
20
97.99595636
10
330.19934531
20
97.87468133
10
330.50708961
20
97.79889662
10
330.8315
20
97.77272
10
363.3315
20
97.77272
10
363.65591039
20
97.79889662
10
363.96365469
20
97.87468133
10
364.25061515
20
97.99595636
10
364.51267402
20
98.15860398
10
364.74571356
20
98.35850644
10
364.94561602
20
98.59154598
10
365.10826364
20
98.85360485
10
365.22953867
20
99.14056531
10
365.30532338
20
99.44830961
10
365.3315
20
99.77272
0
CIRCLE
5
275
100
AcDbEntity
8
symbols
6
ByLayer
62
256
370
-1
100
AcDbCircle
10
333.83150181
20
111.2727249
40
3
0
LWPOLYLINE
5
276
100
AcDbEntity
8
symbols
6
ByLayer
62
256
370
-1
100
AcDbPolyline
90
44
70
1
10
324.8315
20
127.77272
10
324.80532338
20
128.09713039
10
324.72953867
20
128.40487469
10
324.60826364
20
128.69183515
10
324.44561602
20
128.95389402
10
324.24571356
20
129.18693356
10
324.01267402
20
129.38683602
10
323.75061515
20
129.54948364
10
323.46365469
20
129.67075867
10
323.15591039
20
129.74654338
10
322.8315
20
129.77272
10
290.3315
20
129.77272
10
290.00708961
20
129.74654338
10
289.69934531
20
129.67075867
10
289.41238485
20
129.54948364
10
289.15032598
20
129.38683602
10
288.91728644
20
129.18693356
10
288.71738398
20
128.95389402
10
288.55473636
20
128.69183515
10
288.43346133
20
128.40487469
10
288.35767662
20
128.09713039
10
288.3315
20
127.77272
10
288.3315
20
99.77272
10
288.35767662
20
99.44830961
10
288.43346133
20
99.14056531
10
288.55473636
20
98.85360485
10
288.71738398
20
98.59154598
10
288.91728644
20
98.35850644
10
289.15032598
20
98.15860398
10
289.41238485
20
97.99595636
10
289.69934531
20
97.87468133
10
290.00708961
20
97.79889662
10
290.3315
20
97.77272
10
322.8315
20
97.77272
10
323.15591039
20
97.79889662
10
323.46365469
20
97.87468133
10
323.75061515
20
97.99595636
10
324.01267402
20
98.15860398
10
324.24571356
20
98.35850644
10
324.44561602
20
98.59154598
10
324.60826364
20
98.85360485
10
324.72953867
20
99.14056531
10
324.80532338
20
99.44830961
10
324.8315
20
99.77272
0
CIRCLE
5
277
100
AcDbEntity
8
symbols
6
ByLayer
62
256
370
-1
100
AcDbCircle
10
319.83150181
20
111.2727249
40
3
0
LWPOLYLINE
5
278
100
AcDbEntity
8
symbols
6
ByLayer
62
256
370
-1
100
AcDbPolyline
90
4
70
1
10
327.6315
20
91.97272
10
326.0315
20
93.57272
10
341.0315
20
108.57272
10
342.6315
20
106.97272
0
LWPOLYLINE
5
279
100
AcDbEntity
8
symbols
6
ByLayer
62
256
370
-1
100
AcDbPolyline
90
1
70
0
10
501.071505
20
591.04708
0
LWPOLYLINE
5
27A
100
AcDbEntity
8
symbols
6
ByLayer
62
256
370
-1
100
AcDbPolyline
90
4
70
1
10
415.139895
20
611.671875
10
415.139895
20
570.422285
10
501.071505
20
570.422285
10
501.071505
20
611.671875
0
LWPOLYLINE
5
27B
100
AcDbEntity
8
symbols
6
ByLayer
62
256
370
-1
100
AcDbPolyline
90
6
70
0
10
464.07031976
20
640.2285427
10
472.31983976
20
630.7158663
10
472.64982056
20
629.10710485
10
470.40595112
20
629.4568356
10
457.47070376
20
622.6021129
10
456.67874984
20
620.01410535
0
LWPOLYLINE
5
27C
100
AcDbEntity
8
symbols
6
ByLayer
62
256
370
-1
100
AcDbPolyline
90
3
70
0
10
472.64982056
20
629.10710485
10
483.53918696
20
627.3584511
10
483.93516392
20
619.73432075
0
LWPOLYLINE
5
27D
100
AcDbEntity
8
symbols
6
ByLayer
62
256
370
-1
100
AcDbPolyline
90
3
70
0
10
483.93516392
20
619.73432075
10
484.1331524
20
613.29927495
10
478.06150568
20
603.5767601
0
LWPOLYLINE
5
27E
100
AcDbEntity
8
symbols
6
ByLayer
62
256
370
-1
100
AcDbPolyline
90
6
70
1
10
463.41035816
20
610.22164435
10
473.5737668
20
609.0325598
10
481.8232868
20
598.05101425
10
471.46188968
20
592.87499915
10
460.83650792
20
593.29467605
10
456.28277288
20
599.799668
0
LWPOLYLINE
5
27F
100
AcDbEntity
8
symbols
6
ByLayer
62
256
370
-1
100
AcDbPolyline
90
2
70
0
10
462.6844004
20
609.3123444
10
460.83650792
20
612.45992115
0
LWPOLYLINE
5
280
100
AcDbEntity
8
symbols
6
ByLayer
62
256
370
-1
100
AcDbPolyline
90
3
70
0
10
449.08919144
20
603.92649085
10
450.40911464
20
602.4576217
10
456.54675752
20
600.28929105
0
LWPOLYLINE
5
281
100
AcDbEntity
8
symbols
6
ByLayer
62
256
370
-1
100
AcDbPolyline
90
6
70
0
10
483.93516392
20
619.73432075
10
491.26073768
20
614.83809025
10
486.70700264
20
601.68821405
10
483.01121768
20
598.89036805
10
481.36131368
20
603.1570832
10
478.45748264
20
602.52756785
0
LWPOLYLINE
5
282
100
AcDbEntity
8
symbols
6
ByLayer
62
256
370
-1
100
AcDbPolyline
90
7
70
0
10
483.01121768
20
598.89036805
10
486.70700264
20
589.23779935
10
481.62529832
20
579.02566145
10
471.2639012
20
574.96878475
10
469.35001256
20
576.2977616
10
473.17778984
20
583.08253815
10
473.44177448
20
593.85424525
0
LWPOLYLINE
5
283
100
AcDbEntity
8
symbols
6
ByLayer
62
256
370
-1
100
AcDbPolyline
90
6
70
0
10
469.35001256
20
576.2977616
10
465.85221608
20
570.5621773
10
459.84656552
20
573.3600233
10
453.7749188
20
576.5775462
10
444.8654372
20
592.03564535
10
450.07913384
20
602.66746015
0
LWPOLYLINE
5
284
100
AcDbEntity
8
symbols
6
ByLayer
62
256
370
-1
100
AcDbPolyline
90
5
70
0
10
459.84656552
20
573.3600233
10
454.63286888
20
570.49223115
10
446.05336808
20
579.02566145
10
445.32741032
20
583.64210735
10
449.35317608
20
584.20167655
0
LWPOLYLINE
5
285
100
AcDbEntity
8
symbols
6
ByLayer
62
256
370
-1
100
AcDbPolyline
90
7
70
0
10
445.32741032
20
583.64210735
10
437.34187496
20
582.80275355
10
426.98047784
20
589.4476378
10
428.96036264
20
602.8772986
10
430.14829352
20
603.8565447
10
432.72214376
20
599.72972185
10
444.8654372
20
592.03564535
0
LWPOLYLINE
5
286
100
AcDbEntity
8
symbols
6
ByLayer
62
256
370
-1
100
AcDbPolyline
90
11
70
0
10
430.14829352
20
603.8565447
10
425.66055464
20
612.04024425
10
431.27022824
20
616.8665286
10
436.15394408
20
620.99335145
10
446.44934504
20
621.69281295
10
445.92137576
20
610.50142895
10
448.56122216
20
603.4368678
10
462.75039656
20
613.788898
10
457.66869224
20
619.73432075
10
446.64733352
20
623.0217898
10
446.44934504
20
621.69281295
0
LWPOLYLINE
5
287
100
AcDbEntity
8
symbols
6
ByLayer
62
256
370
-1
100
AcDbPolyline
90
6
70
0
10
431.27022824
20
616.8665286
10
433.3161092
20
626.6589896
10
444.46946024
20
630.0164048
10
449.28717992
20
627.2185588
10
452.32300328
20
633.7934969
10
464.07031976
20
640.2285427
0
LWPOLYLINE
5
288
100
AcDbEntity
8
symbols
6
ByLayer
62
256
370
-1
100
AcDbPolyline
90
2
70
0
10
449.28717992
20
627.2185588
10
447.43928744
20
622.81195135
0
LWPOLYLINE
5
289
100
AcDbEntity
8
symbols
6
ByLayer
62
256
370
-1
100
AcDbPolyline
90
1
70
0
10
501.071505
20
591.04708
0
LWPOLYLINE
5
28A
100
AcDbEntity
8
symbols
6
ByLayer
62
256
370
-1
100
AcDbPolyline
90
4
70
1
10
415.139895
20
611.671875
10
415.139895
20
570.422285
10
501.071505
20
570.422285
10
501.071505
20
611.671875
0
LWPOLYLINE
5
28B
100
AcDbEntity
8
symbols
6
ByLayer
62
256
370
-1
100
AcDbPolyline
90
43
70
1
10
390.68554
20
294.49924
10
390.1240939
20
287.02733338
10
388.45236446
20
279.72322967
10
385.70789512
20
272.75096329
10
381.95232075
20
266.26711633
10
377.26998344
20
260.417302
10
371.76603841
20
255.33289452
10
365.56409239
20
251.12807872
10
358.80342772
20
247.8972857
10
351.63587435
20
245.71307211
10
344.22240008
20
244.62449067
10
336.72949556
20
244.65598858
10
329.32543527
20
245.80685846
10
322.17649843
20
248.05125425
10
315.44323477
20
251.33877167
10
309.27685886
20
255.59558016
10
303.81585422
20
260.72608097
10
299.18286324
20
266.61505413
10
295.4819329
20
273.13024599
10
292.79617812
20
280.12533938
10
291.18591517
20
287.4432396
10
290.68730708
20
294.91960237
10
291.3115515
20
302.38652471
10
293.04462927
20
309.67631564
10
295.84761918
20
316.62526216
10
299.65757213
20
323.07730594
10
304.38892479
20
328.88754796
10
309.93542117
20
333.92550272
10
316.17249893
20
338.07802862
10
322.96008675
20
341.25186888
10
330.14575003
20
343.37574588
10
337.56811427
20
344.40196194
10
345.06048917
20
344.30747044
10
352.45461215
20
343.09439347
10
359.58442714
20
340.78997412
10
366.28981386
20
337.44596467
10
372.4201838
20
333.13746438
10
377.83786205
20
327.96123286
10
382.42117924
20
322.03351713
10
386.06720395
20
315.48744089
10
388.69405433
20
308.47001491
10
390.24273698
20
301.13883544
10
390.68554
20
294.49924
0
LWPOLYLINE
5
28C
100
AcDbEntity
8
symbols
6
ByLayer
62
256
370
-1
100
AcDbPolyline
90
4
70
1
10
237.595
20
476.25874
10
327.595
20
476.25874
10
327.595
20
526.25874
10
237.595
20
526.25874
0
LWPOLYLINE
5
28D
100
AcDbEntity
8
symbols
6
ByLayer
62
256
370
-1
100
AcDbPolyline
90
2
70
0
10
327.595
20
478.25874
10
237.595
20
478.25874
0
LWPOLYLINE
5
28E
100
AcDbEntity
8
symbols
6
ByLayer
62
256
370
-1
100
AcDbPolyline
90
2
70
0
10
282.595
20
478.25874
10
282.595
20
476.25874
0
LWPOLYLINE
5
28F
100
AcDbEntity
8
symbols
6
ByLayer
62
256
370
-1
100
AcDbPolyline
90
3
70
0
10
284.595
20
476.25874
10
284.595
20
474.25874
10
287.595
20
474.25874
0
LWPOLYLINE
5
290
100
AcDbEntity
8
symbols
6
ByLayer
62
256
370
-1
100
AcDbPolyline
90
3
70
0
10
280.595
20
476.25874
10
280.595
20
474.25874
10
277.595
20
474.25874
0
LWPOLYLINE
5
291
100
AcDbEntity
8
symbols
6
ByLayer
62
256
370
-1
100
AcDbPolyline
90
4
70
1
10
147.595
20
476.25874
10
237.595
20
476.25874
10
237.595
20
526.25874
10
147.595
20
526.25874
0
LWPOLYLINE
5
292
100
AcDbEntity
8
symbols
6
ByLayer
62
256
370
-1
100
AcDbPolyline
90
2
70
0
10
237.595
20
478.25874
10
147.595
20
478.25874
0
LWPOLYLINE
5
293
100
AcDbEntity
8
symbols
6
ByLayer
62
256
370
-1
100
AcDbPolyline
90
2
70
0
10
192.595
20
478.25874
10
192.595
20
476.25874
0
LWPOLYLINE
5
294
100
AcDbEntity
8
symbols
6
ByLayer
62
256
370
-1
100
AcDbPolyline
90
3
70
0
10
194.595
20
476.25874
10
194.595
20
474.25874
10
197.595
20
474.25874
0
LWPOLYLINE
5
295
100
AcDbEntity
8
symbols
6
ByLayer
62
256
370
-1
100
AcDbPolyline
90
3
70
0
10
190.595
20
476.25874
10
190.595
20
474.25874
10
187.595
20
474.25874
0
LWPOLYLINE
5
296
100
AcDbEntity
8
symbols
6
ByLayer
62
256
370
-1
100
AcDbPolyline
90
4
70
1
10
147.595
20
493.70536
10
237.595
20
493.70536
10
237.595
20
524.70536
10
147.595
20
524.70536
0
LWPOLYLINE
5
297
100
AcDbEntity
8
symbols
6
ByLayer
62
256
370
-1
100
AcDbPolyline
90
2
70
0
10
237.595
20
495.70536
10
147.595
20
495.70536
0
LWPOLYLINE
5
298
100
AcDbEntity
8
symbols
6
ByLayer
62
256
370
-1
100
AcDbPolyline
90
2
70
0
10
192.595
20
495.70536
10
192.595
20
493.70536
0
LWPOLYLINE
5
299
100
AcDbEntity
8
symbols
6
ByLayer
62
256
370
-1
100
AcDbPolyline
90
3
70
0
10
194.595
20
493.70536
10
194.595
20
491.70536
10
197.595
20
491.70536
0
LWPOLYLINE
5
29A
100
AcDbEntity
8
symbols
6
ByLayer
62
256
370
-1
100
AcDbPolyline
90
3
70
0
10
190.595
20
493.70536
10
190.595
20
491.70536
10
187.595
20
491.70536
0
LWPOLYLINE
5
29B
100
AcDbEntity
8
symbols
6
ByLayer
62
256
370
-1
100
AcDbPolyline
90
43
70
1
10
306.37313
20
518.70536
10
306.09240695
20
514.96940669
10
305.25654223
20
511.31735483
10
303.88430756
20
507.83122165
10
302.00652037
20
504.58929817
10
299.66535172
20
501.664391
10
296.91337921
20
499.12218726
10
293.8124062
20
497.01977936
10
290.43207386
20
495.40438285
10
286.84829718
20
494.31227605
10
283.14156004
20
493.76798533
10
279.39510778
20
493.78373429
10
275.69307763
20
494.35916923
10
272.11860922
20
495.48136712
10
268.75197739
20
497.12512583
10
265.66878943
20
499.25353008
10
262.93828711
20
501.81878049
10
260.62179162
20
504.76326707
10
258.77132645
20
508.02086299
10
257.42844906
20
511.51840969
10
256.62331758
20
515.1773598
10
256.37401354
20
518.91554118
10
256.68613575
20
522.64900235
10
257.55267464
20
526.29389782
10
258.95416959
20
529.76837108
10
260.85914607
20
532.99439297
10
263.22482239
20
535.89951398
10
265.99807059
20
538.41849136
10
269.11660947
20
540.49475431
10
272.51040337
20
542.08167444
10
276.10323501
20
543.14361294
10
279.81441713
20
543.65672097
10
283.56060459
20
543.60947522
10
287.25766607
20
543.00293674
10
290.82257357
20
541.85072706
10
294.17526693
20
540.17872234
10
297.2404519
20
538.02447219
10
299.94929102
20
535.43635643
10
302.24094962
20
532.47249856
10
304.06396198
20
529.19946045
10
305.37738717
20
525.69074745
10
306.15172849
20
522.02515772
10
306.37313
20
518.70536
0
LWPOLYLINE
5
29C
100
AcDbEntity
8
symbols
6
ByLayer
62
256
370
-1
100
AcDbPolyline
90
4
70
1
10
237.595
20
493.70536
10
282.595
20
493.70536
10
282.595
20
524.70536
10
237.595
20
524.70536
0
LWPOLYLINE
5
29D
100
AcDbEntity
8
symbols
6
ByLayer
62
256
370
-1
100
AcDbPolyline
90
2
70
0
10
282.595
20
495.70536
10
237.595
20
495.70536
0
LWPOLYLINE
5
29E
100
AcDbEntity
8
symbols
6
ByLayer
62
256
370
-1
100
AcDbPolyline
90
3
70
0
10
239.595
20
493.70536
10
239.595
20
491.70536
10
242.595
20
491.70536
0
LWPOLYLINE
5
29F
100
AcDbEntity
8
symbols
6
ByLayer
62
256
370
-1
100
AcDbPolyline
90
6
70
0
10
296.72602748
20
524.65889132
10
299.63879998
20
521.49902108
10
299.75531088
20
520.96463126
10
298.96303676
20
521.08080296
10
294.39580948
20
518.80383764
10
294.11618332
20
517.94416706
0
LWPOLYLINE
5
2A0
100
AcDbEntity
8
symbols
6
ByLayer
62
256
370
-1
100
AcDbPolyline
90
3
70
0
10
299.75531088
20
520.96463126
10
303.60017058
20
520.38377276
10
303.73998366
20
517.8512297
0
LWPOLYLINE
5
2A1
100
AcDbEntity
8
symbols
6
ByLayer
62
256
370
-1
100
AcDbPolyline
90
3
70
0
10
303.73998366
20
517.8512297
10
303.8098902
20
515.71367042
10
301.66608964
20
512.48409716
0
LWPOLYLINE
5
2A2
100
AcDbEntity
8
symbols
6
ByLayer
62
256
370
-1
100
AcDbPolyline
90
6
70
1
10
296.49300568
20
514.69135946
10
300.0815414
20
514.29637568
10
302.9943139
20
510.6485843
10
299.33587164
20
508.92924314
10
295.58422066
20
509.06864918
10
293.97637024
20
511.2294428
0
LWPOLYLINE
5
2A3
100
AcDbEntity
8
symbols
6
ByLayer
62
256
370
-1
100
AcDbPolyline
90
2
70
0
10
296.2366817
20
514.38931304
10
295.58422066
20
515.43485834
0
LWPOLYLINE
5
2A4
100
AcDbEntity
8
symbols
6
ByLayer
62
256
370
-1
100
AcDbPolyline
90
3
70
0
10
291.43643262
20
512.60026886
10
291.90247622
20
512.11234772
10
294.06957896
20
511.39208318
0
LWPOLYLINE
5
2A5
100
AcDbEntity
8
symbols
6
ByLayer
62
256
370
-1
100
AcDbPolyline
90
6
70
0
10
303.73998366
20
517.8512297
10
306.32652564
20
516.2248259
10
304.71867522
20
511.85676998
10
303.41375314
20
510.92739638
10
302.83119864
20
512.34469112
10
301.80590272
20
512.13558206
0
LWPOLYLINE
5
2A6
100
AcDbEntity
8
symbols
6
ByLayer
62
256
370
-1
100
AcDbPolyline
90
7
70
0
10
303.41375314
20
510.92739638
10
304.71867522
20
507.72105746
10
302.92440736
20
504.32884382
10
299.2659651
20
502.9812521
10
298.59020188
20
503.42270456
10
299.94172832
20
505.67643554
10
300.03493704
20
509.2545239
0
LWPOLYLINE
5
2A7
100
AcDbEntity
8
symbols
6
ByLayer
62
256
370
-1
100
AcDbPolyline
90
6
70
0
10
298.59020188
20
503.42270456
10
297.35518634
20
501.51748868
10
295.23468796
20
502.44686228
10
293.0908874
20
503.51564192
10
289.9450931
20
508.65043106
10
291.78596532
20
512.18205074
0
LWPOLYLINE
5
2A8
100
AcDbEntity
8
symbols
6
ByLayer
62
256
370
-1
100
AcDbPolyline
90
5
70
0
10
295.23468796
20
502.44686228
10
293.39381574
20
501.49425434
10
290.36453234
20
504.32884382
10
290.10820836
20
505.86231026
10
291.52964134
20
506.04818498
0
LWPOLYLINE
5
2A9
100
AcDbEntity
8
symbols
6
ByLayer
62
256
370
-1
100
AcDbPolyline
90
7
70
0
10
290.10820836
20
505.86231026
10
287.28864458
20
505.58349818
10
283.63020232
20
507.79076048
10
284.32926772
20
512.25175376
10
284.74870696
20
512.57703452
10
285.65749198
20
511.20620846
10
289.9450931
20
508.65043106
0
LWPOLYLINE
5
2AA
100
AcDbEntity
8
symbols
6
ByLayer
62
256
370
-1
100
AcDbPolyline
90
11
70
0
10
284.74870696
20
512.57703452
10
283.16415872
20
515.2954523
10
285.14484402
20
516.89862176
10
286.86920534
20
518.26944782
10
290.50434542
20
518.50179122
10
290.31792798
20
514.78429682
10
291.25001518
20
512.43762848
10
296.25998388
20
515.8763108
10
294.46571602
20
517.8512297
10
290.57425196
20
518.94324368
10
290.50434542
20
518.50179122
0
LWPOLYLINE
5
2AB
100
AcDbEntity
8
symbols
6
ByLayer
62
256
370
-1
100
AcDbPolyline
90
6
70
0
10
285.14484402
20
516.89862176
10
285.8672116
20
520.15142936
10
289.80528002
20
521.26667768
10
291.50633916
20
520.33730408
10
292.57823944
20
522.52133204
10
296.72602748
20
524.65889132
0
LWPOLYLINE
5
2AC
100
AcDbEntity
8
symbols
6
ByLayer
62
256
370
-1
100
AcDbPolyline
90
2
70
0
10
291.50633916
20
520.33730408
10
290.85387812
20
518.87354066
0
LWPOLYLINE
5
2AD
100
AcDbEntity
8
symbols
6
ByLayer
62
256
370
-1
100
AcDbPolyline
90
43
70
1
10
306.37313
20
518.70536
10
306.09240695
20
514.96940669
10
305.25654223
20
511.31735483
10
303.88430756
20
507.83122165
10
302.00652037
20
504.58929817
10
299.66535172
20
501.664391
10
296.91337921
20
499.12218726
10
293.8124062
20
497.01977936
10
290.43207386
20
495.40438285
10
286.84829718
20
494.31227605
10
283.14156004
20
493.76798533
10
279.39510778
20
493.78373429
10
275.69307763
20
494.35916923
10
272.11860922
20
495.48136712
10
268.75197739
20
497.12512583
10
265.66878943
20
499.25353008
10
262.93828711
20
501.81878049
10
260.62179162
20
504.76326707
10
258.77132645
20
508.02086299
10
257.42844906
20
511.51840969
10
256.62331758
20
515.1773598
10
256.37401354
20
518.91554118
10
256.68613575
20
522.64900235
10
257.55267464
20
526.29389782
10
258.95416959
20
529.76837108
10
260.85914607
20
532.99439297
10
263.22482239
20
535.89951398
10
265.99807059
20
538.41849136
10
269.11660947
20
540.49475431
10
272.51040337
20
542.08167444
10
276.10323501
20
543.14361294
10
279.81441713
20
543.65672097
10
283.56060459
20
543.60947522
10
287.25766607
20
543.00293674
10
290.82257357
20
541.85072706
10
294.17526693
20
540.17872234
10
297.2404519
20
538.02447219
10
299.94929102
20
535.43635643
10
302.24094962
20
532.47249856
10
304.06396198
20
529.19946045
10
305.37738717
20
525.69074745
10
306.15172849
20
522.02515772
10
306.37313
20
518.70536
0
LWPOLYLINE
5
2AE
100
AcDbEntity
8
symbols
6
ByLayer
62
256
370
-1
100
AcDbPolyline
90
43
70
1
10
306.37313
20
518.70536
10
306.09240695
20
514.96940669
10
305.25654223
20
511.31735483
10
303.88430756
20
507.83122165
10
302.00652037
20
504.58929817
10
299.66535172
20
501.664391
10
296.91337921
20
499.12218726
10
293.8124062
20
497.01977936
10
290.43207386
20
495.40438285
10
286.84829718
20
494.31227605
10
283.14156004
20
493.76798533
10
279.39510778
20
493.78373429
10
275.69307763
20
494.35916923
10
272.11860922
20
495.48136712
10
268.75197739
20
497.12512583
10
265.66878943
20
499.25353008
10
262.93828711
20
501.81878049
10
260.62179162
20
504.76326707
10
258.77132645
20
508.02086299
10
257.42844906
20
511.51840969
10
256.62331758
20
515.1773598
10
256.37401354
20
518.91554118
10
256.68613575
20
522.64900235
10
257.55267464
20
526.29389782
10
258.95416959
20
529.76837108
10
260.85914607
20
532.99439297
10
263.22482239
20
535.89951398
10
265.99807059
20
538.41849136
10
269.11660947
20
540.49475431
10
272.51040337
20
542.08167444
10
276.10323501
20
543.14361294
10
279.81441713
20
543.65672097
10
283.56060459
20
543.60947522
10
287.25766607
20
543.00293674
10
290.82257357
20
541.85072706
10
294.17526693
20
540.17872234
10
297.2404519
20
538.02447219
10
299.94929102
20
535.43635643
10
302.24094962
20
532.47249856
10
304.06396198
20
529.19946045
10
305.37738717
20
525.69074745
10
306.15172849
20
522.02515772
10
306.37313
20
518.70536
0
LWPOLYLINE
5
2AF
100
AcDbEntity
8
symbols
6
ByLayer
62
256
370
-1
100
AcDbPolyline
90
121
70
0
10
383.87315
20
364.00528
10
381.93275
20
363.78868
10
379.99235
20
363.59488
10
378.05195
20
363.42388
10
376.11155
20
363.27568
10
374.17115
20
363.15028
10
372.23075
20
363.04768
10
370.29035
20
362.96788
10
368.34995
20
362.91088
10
366.40955
20
362.87668
10
364.46915
20
362.86528
10
362.52875
20
362.87668
10
360.58835
20
362.91088
10
358.64795
20
362.96788
10
356.70755
20
363.04768
10
354.76715
20
363.15028
10
352.82675
20
363.27568
10
350.88635
20
363.42388
10
348.94595
20
363.59488
10
347.00555
20
363.78868
10
345.06515
20
364.00528
10
344.78962194
20
366.22577386
10
344.53523344
20
368.44682464
10
344.30198452
20
370.66843234
10
344.08987517
20
372.89059696
10
343.89890538
20
375.1133185
10
343.72907517
20
377.33659696
10
343.58038452
20
379.56043234
10
343.45283344
20
381.78482464
10
343.34642194
20
384.00977386
10
343.26115
20
386.23528
10
343.21442194
20
387.94277386
10
343.18883344
20
389.65082464
10
343.18438452
20
391.35943234
10
343.20107517
20
393.06859696
10
343.23890538
20
394.7783185
10
343.29787517
20
396.48859696
10
343.37798452
20
398.19943234
10
343.47923344
20
399.91082464
10
343.60162194
20
401.62277386
10
343.74515
20
403.33528
10
343.4804314
20
403.65403104
10
343.2461836
20
403.97541517
10
343.0424066
20
404.29943242
10
342.86910041
20
404.62608276
10
342.72626501
20
404.95536621
10
342.61390041
20
405.28728276
10
342.5320066
20
405.62183242
10
342.4805836
20
405.95901517
10
342.4596314
20
406.29883104
10
342.46915
20
406.64128
10
342.5696314
20
407.82643104
10
342.7005836
20
409.01421517
10
342.8620066
20
410.20463242
10
343.05390041
20
411.39768276
10
343.27626501
20
412.59336621
10
343.52910041
20
413.79168276
10
343.8124066
20
414.99263242
10
344.1261836
20
416.19621517
10
344.4704314
20
417.40243104
10
344.84515
20
418.61128
10
346.80755
20
418.84954
10
348.76995
20
419.06272
10
350.73235
20
419.25082
10
352.69475
20
419.41384
10
354.65715
20
419.55178
10
356.61955
20
419.66464
10
358.58195
20
419.75242
10
360.54435
20
419.81512
10
362.50675
20
419.85274
10
364.46915
20
419.86528
10
366.43155
20
419.85274
10
368.39395
20
419.81512
10
370.35635
20
419.75242
10
372.31875
20
419.66464
10
374.28115
20
419.55178
10
376.24355
20
419.41384
10
378.20595
20
419.25082
10
380.16835
20
419.06272
10
382.13075
20
418.84954
10
384.09315
20
418.61128
10
384.4678686
20
417.40243104
10
384.8121164
20
416.19621517
10
385.1258934
20
414.99263242
10
385.40919959
20
413.79168276
10
385.66203499
20
412.59336621
10
385.88439959
20
411.39768276
10
386.0762934
20
410.20463242
10
386.2377164
20
409.01421517
10
386.3686686
20
407.82643104
10
386.46915
20
406.64128
10
386.4786686
20
406.29883104
10
386.4577164
20
405.95901517
10
386.4062934
20
405.62183242
10
386.32439959
20
405.28728276
10
386.21203499
20
404.95536621
10
386.06919959
20
404.62608276
10
385.8958934
20
404.29943242
10
385.6921164
20
403.97541517
10
385.4578686
20
403.65403104
10
385.19315
20
403.33528
10
385.33667806
20
401.62277386
10
385.45906656
20
399.91082464
10
385.56031548
20
398.19943234
10
385.64042483
20
396.48859696
10
385.69939462
20
394.7783185
10
385.73722483
20
393.06859696
10
385.75391548
20
391.35943234
10
385.74946656
20
389.65082464
10
385.72387806
20
387.94277386
10
385.67715
20
386.23528
10
385.59187806
20
384.00977386
10
385.48546656
20
381.78482464
10
385.35791548
20
379.56043234
10
385.20922483
20
377.33659696
10
385.03939462
20
375.1133185
10
384.84842483
20
372.89059696
10
384.63631548
20
370.66843234
10
384.40306656
20
368.44682464
10
384.14867806
20
366.22577386
10
383.87315
20
364.00528
0
LWPOLYLINE
5
2B0
100
AcDbEntity
8
symbols
6
ByLayer
62
256
370
-1
100
AcDbPolyline
90
21
70
0
10
343.74515
20
403.33528
10
345.81755
20
403.11868
10
347.88995
20
402.92488
10
349.96235
20
402.75388
10
352.03475
20
402.60568
10
354.10715
20
402.48028
10
356.17955
20
402.37768
10
358.25195
20
402.29788
10
360.32435
20
402.24088
10
362.39675
20
402.20668
10
364.46915
20
402.19528
10
366.54155
20
402.20668
10
368.61395
20
402.24088
10
370.68635
20
402.29788
10
372.75875
20
402.37768
10
374.83115
20
402.48028
10
376.90355
20
402.60568
10
378.97595
20
402.75388
10
381.04835
20
402.92488
10
383.12075
20
403.11868
10
385.19315
20
403.33528
0
LWPOLYLINE
5
2B1
100
AcDbEntity
8
symbols
6
ByLayer
62
256
370
-1
100
AcDbPolyline
90
31
70
0
10
344.14115
20
416.27428
10
344.41198172
20
416.05575737
10
344.68716195
20
415.85919533
10
344.96669069
20
415.68459387
10
345.25056793
20
415.53195299
10
345.53879367
20
415.4012727
10
345.83136793
20
415.29255299
10
346.12829069
20
415.20579387
10
346.42956195
20
415.14099533
10
346.73518172
20
415.09815737
10
347.04515
20
415.07728
10
351.76099607
20
414.92904606
10
355.65614476
20
414.81375299
10
358.93577041
20
414.73140081
10
361.80504738
20
414.68198949
10
364.46915
20
414.66551905
10
367.13325262
20
414.68198949
10
370.00252959
20
414.73140081
10
373.28215524
20
414.81375299
10
377.17730393
20
414.92904606
10
381.89315
20
415.07728
10
382.20311828
20
415.09815737
10
382.50873805
20
415.14099533
10
382.81000931
20
415.20579387
10
383.10693207
20
415.29255299
10
383.39950633
20
415.4012727
10
383.68773207
20
415.53195299
10
383.97160931
20
415.68459387
10
384.25113805
20
415.85919533
10
384.52631828
20
416.05575737
10
384.79715
20
416.27428
0
LWPOLYLINE
5
2B2
100
AcDbEntity
8
symbols
6
ByLayer
62
256
370
-1
100
AcDbPolyline
90
3
70
0
10
211.24252
20
329.49924
10
220.24252
20
323.49924
10
229.24252
20
321.69924
0
LWPOLYLINE
5
2B3
100
AcDbEntity
8
symbols
6
ByLayer
62
256
370
-1
100
AcDbPolyline
90
4
70
0
10
220.24252
20
323.49924
10
222.04252
20
315.39924
10
225.04252
20
314.49924
10
229.24252
20
321.69924
0
LWPOLYLINE
5
2B4
100
AcDbEntity
8
symbols
6
ByLayer
62
256
370
-1
100
AcDbPolyline
90
4
70
0
10
253.84252
20
323.49924
10
252.04252
20
315.39924
10
249.04252
20
314.49924
10
244.84252
20
321.69924
0
LWPOLYLINE
5
2B5
100
AcDbEntity
8
symbols
6
ByLayer
62
256
370
-1
100
AcDbPolyline
90
3
70
0
10
262.84252
20
329.49924
10
253.84252
20
323.49924
10
244.84252
20
321.69924
0
LWPOLYLINE
5
2B6
100
AcDbEntity
8
symbols
6
ByLayer
62
256
370
-1
100
AcDbPolyline
90
141
70
0
10
237.04252
20
344.49924
10
240.14968531
20
344.48136154
10
242.7195522
20
344.42367213
10
244.88467714
20
344.32009076
10
246.77761659
20
344.1645364
10
248.53092702
20
343.95092802
10
250.27716489
20
343.6731846
10
252.14888665
20
343.32522511
10
254.27864879
20
342.90096853
10
256.79900775
20
342.39433384
10
259.84252
20
341.79924
10
260.64878775
20
341.63806384
10
261.32408879
20
341.48400853
10
261.89534665
20
341.32533511
10
262.38948489
20
341.1503046
10
262.83342702
20
340.94717802
10
263.25409659
20
340.7042164
10
263.67841714
20
340.40968076
10
264.1333122
20
340.05183213
10
264.64570531
20
339.61893154
10
265.24252
20
339.09924
10
265.64284
20
338.74237286
10
265.98268
20
338.41917907
10
266.26636
20
338.11677004
10
266.4982
20
337.82225721
10
266.68252
20
337.52275199
10
266.82364
20
337.20536581
10
266.92588
20
336.8572101
10
266.99356
20
336.46539628
10
267.031
20
336.01703577
10
267.04252
20
335.49924
10
267.04921922
20
334.78143795
10
267.05833944
20
334.12149293
10
267.05341453
20
333.51502539
10
267.01797833
20
332.95765577
10
266.9355647
20
332.44500454
10
266.78970749
20
331.97269215
10
266.56394056
20
331.53633904
10
266.24179777
20
331.13156568
10
265.80681296
20
330.75399252
10
265.24252
20
330.39924
10
263.89049713
20
329.76429773
10
262.67889704
20
329.37931755
10
261.56772975
20
329.18347552
10
260.51700531
20
329.11594773
10
259.48673373
20
329.11591025
10
258.43692505
20
329.12253915
10
257.32758931
20
329.0750105
10
256.11873653
20
328.91250038
10
254.77037675
20
328.57418485
10
253.24252
20
327.99924
10
252.13967149
20
327.44180346
10
251.28778448
20
326.8649221
10
250.62465246
20
326.27234076
10
250.0880689
20
325.66780431
10
249.61582728
20
325.0550576
10
249.14572107
20
324.43784547
10
248.61554377
20
323.8199128
10
247.96308883
20
323.20500442
10
247.12614975
20
322.59686521
10
246.04252
20
321.99924
10
244.93816558
20
321.47994713
10
243.99958956
20
321.07107349
10
243.18165458
20
320.75948628
10
242.43922326
20
320.53205268
10
241.72715824
20
320.3756399
10
241.00032217
20
320.27711512
10
240.21357768
20
320.22334555
10
239.32178739
20
320.20119837
10
238.27981395
20
320.19754079
10
237.04252
20
320.19924
10
235.80522605
20
320.19754079
10
234.76325261
20
320.20119837
10
233.87146232
20
320.22334555
10
233.08471783
20
320.27711512
10
232.35788176
20
320.3756399
10
231.64581674
20
320.53205268
10
230.90338542
20
320.75948628
10
230.08545044
20
321.07107349
10
229.14687442
20
321.47994713
10
228.04252
20
321.99924
10
226.95889025
20
322.59686521
10
226.12195117
20
323.20500442
10
225.46949623
20
323.8199128
10
224.93931893
20
324.43784547
10
224.46921272
20
325.0550576
10
223.9969711
20
325.66780431
10
223.46038754
20
326.27234076
10
222.79725552
20
326.8649221
10
221.94536851
20
327.44180346
10
220.84252
20
327.99924
10
219.31466325
20
328.57418485
10
217.96630347
20
328.91250038
10
216.75745069
20
329.0750105
10
215.64811495
20
329.12253915
10
214.59830627
20
329.11591025
10
213.56803469
20
329.11594773
10
212.51731025
20
329.18347552
10
211.40614296
20
329.37931755
10
210.19454287
20
329.76429773
10
208.84252
20
330.39924
10
208.27822704
20
330.75399252
10
207.84324223
20
331.13156568
10
207.52109944
20
331.53633904
10
207.29533251
20
331.97269215
10
207.1494753
20
332.44500454
10
207.06706167
20
332.95765577
10
207.03162547
20
333.51502539
10
207.02670056
20
334.12149293
10
207.03582078
20
334.78143795
10
207.04252
20
335.49924
10
207.05404
20
336.01703577
10
207.09148
20
336.46539628
10
207.15916
20
336.8572101
10
207.2614
20
337.20536581
10
207.40252
20
337.52275199
10
207.58684
20
337.82225721
10
207.81868
20
338.11677004
10
208.10236
20
338.41917907
10
208.4422
20
338.74237286
10
208.84252
20
339.09924
10
209.43933469
20
339.61893154
10
209.9517278
20
340.05183213
10
210.40662286
20
340.40968076
10
210.83094341
20
340.7042164
10
211.25161298
20
340.94717802
10
211.69555511
20
341.1503046
10
212.18969335
20
341.32533511
10
212.76095121
20
341.48400853
10
213.43625225
20
341.63806384
10
214.24252
20
341.79924
10
217.28603225
20
342.39433384
10
219.80639121
20
342.90096853
10
221.93615335
20
343.32522511
10
223.80787511
20
343.6731846
10
225.55411298
20
343.95092802
10
227.30742341
20
344.1645364
10
229.20036286
20
344.32009076
10
231.3654878
20
344.42367213
10
233.93535469
20
344.48136154
10
237.04252
20
344.49924
0
LWPOLYLINE
5
2B7
100
AcDbEntity
8
symbols
6
ByLayer
62
256
370
-1
100
AcDbPolyline
90
61
70
0
10
237.04252
20
341.49924
10
238.16920008
20
341.47302253
10
239.2111603
20
341.38735566
10
240.17128059
20
341.23171771
10
241.05244091
20
340.99558699
10
241.85752118
20
340.66844181
10
242.58940136
20
340.23976049
10
243.25096139
20
339.69902133
10
243.84508121
20
339.03570266
10
244.37464076
20
338.23928277
10
244.84252
20
337.29924
10
245.32029888
20
336.06562021
10
245.6527545
20
334.91112464
10
245.84456818
20
333.81638336
10
245.90042124
20
332.76202643
10
245.82499498
20
331.72868393
10
245.62297073
20
330.69698591
10
245.29902979
20
329.64756244
10
244.85785348
20
328.56104359
10
244.30412311
20
327.41805942
10
243.64252
20
326.19924
10
243.17744302
20
325.47012689
10
242.68921318
20
324.88572793
10
242.17026919
20
324.43003473
10
241.61304982
20
324.08703892
10
241.0099938
20
323.84073211
10
240.35353988
20
323.67510594
10
239.6361268
20
323.57415203
10
238.85019329
20
323.52186198
10
237.98817811
20
323.50222743
10
237.04252
20
323.49924
10
236.09686189
20
323.50222743
10
235.23484671
20
323.52186198
10
234.4489132
20
323.57415203
10
233.73150012
20
323.67510594
10
233.0750462
20
323.84073211
10
232.47199018
20
324.08703892
10
231.91477081
20
324.43003473
10
231.39582682
20
324.88572793
10
230.90759698
20
325.47012689
10
230.44252
20
326.19924
10
229.78091689
20
327.41805942
10
229.22718652
20
328.56104359
10
228.78601021
20
329.64756244
10
228.46206927
20
330.69698591
10
228.26004502
20
331.72868393
10
228.18461876
20
332.76202643
10
228.24047182
20
333.81638336
10
228.4322855
20
334.91112464
10
228.76474112
20
336.06562021
10
229.24252
20
337.29924
10
229.71039924
20
338.23928277
10
230.23995879
20
339.03570266
10
230.83407861
20
339.69902133
10
231.49563864
20
340.23976049
10
232.22751882
20
340.66844181
10
233.03259909
20
340.99558699
10
233.91375941
20
341.23171771
10
234.8738797
20
341.38735566
10
235.91583992
20
341.47302253
10
237.04252
20
341.49924
0
LWPOLYLINE
5
2B8
100
AcDbEntity
8
symbols
6
ByLayer
62
256
370
-1
100
AcDbPolyline
90
1
70
0
10
297.14027
20
293.58558
0
LWPOLYLINE
5
2B9
100
AcDbEntity
8
symbols
6
ByLayer
62
256
370
-1
100
AcDbPolyline
90
4
70
1
10
290.68553
20
228.4031
10
303.59501
20
228.4031
10
303.59501
20
293.58558
10
290.68553
20
293.58558
0
LWPOLYLINE
5
2BA
100
AcDbEntity
8
symbols
6
ByLayer
62
256
370
-1
100
AcDbPolyline
90
1
70
0
10
304.7558375
20
300.07824
0
LWPOLYLINE
5
2BB
100
AcDbEntity
8
symbols
6
ByLayer
62
256
370
-1
100
AcDbPolyline
90
4
70
1
10
267.0425225
20
223.02994
10
342.4691525
20
223.02994
10
342.4691525
20
300.07824
10
267.0425225
20
300.07824
0
LWPOLYLINE
5
2BC
100
AcDbEntity
8
symbols
6
ByLayer
62
256
370
-1
100
AcDbPolyline
90
43
70
1
10
422.0425275
20
300.76169
10
421.17235264
20
289.14604375
10
418.58135711
20
277.7912021
10
414.32769213
20
266.95212392
10
408.50683234
20
256.87220576
10
401.24944223
20
247.77782082
10
392.71845349
20
239.8732352
10
383.1054166
20
233.33601551
10
372.6262065
20
228.31303186
10
361.51617725
20
224.91714784
10
350.02487384
20
223.22467422
10
338.41042043
20
223.27364576
10
326.93371256
20
225.0629619
10
315.85254592
20
228.55241166
10
305.41581612
20
233.66358204
10
295.85792173
20
240.28162864
10
287.39349786
20
248.2578665
10
280.2125989
20
257.41312084
10
274.47643809
20
267.5417599
10
270.31377779
20
278.41631782
10
267.81804955
20
289.79260258
10
267.04526626
20
301.41517466
10
268.01277122
20
313.02307423
10
270.69885101
20
324.35567033
10
275.04322019
20
335.15850271
10
280.94836771
20
345.18898749
10
288.28173617
20
354.22186014
10
296.87868689
20
362.05423463
10
306.54618685
20
368.51016515
10
317.06713651
20
373.44460686
10
328.20524296
20
376.74668496
10
339.71032948
20
378.34219635
10
351.32396175
20
378.19528519
10
362.78526272
20
376.30925308
10
373.83678338
20
372.72648439
10
384.23029514
20
367.52748875
10
393.73237148
20
360.82908321
10
402.12963233
20
352.78175702
10
409.23353274
20
343.5662805
10
414.88458931
20
333.38963645
10
418.95595086
20
322.48036736
10
421.35623553
20
311.08344344
10
422.0425275
20
300.76169
0
LWPOLYLINE
5
2BD
100
AcDbEntity
8
symbols
6
ByLayer
62
256
370
-1
100
AcDbPolyline
90
1
70
0
10
420.5320775
20
378.49344
0
LWPOLYLINE
5
2BE
100
AcDbEntity
8
symbols
6
ByLayer
62
256
370
-1
100
AcDbPolyline
90
4
70
1
10
342.4691575
20
223.02994
10
498.5949975
20
223.02994
10
498.5949975
20
378.49344
10
342.4691575
20
378.49344
0
LWPOLYLINE
5
2BF
100
AcDbEntity
8
symbols
6
ByLayer
62
256
370
-1
100
AcDbPolyline
90
4
70
1
10
372.595
20
133.77272
10
282.595
20
133.77272
10
282.595
20
74.11424
10
372.595
20
74.11424
0
LWPOLYLINE
5
2C0
100
AcDbEntity
8
symbols
6
ByLayer
62
256
370
-1
100
AcDbPolyline
90
2
70
0
10
282.595
20
131.77272
10
372.595
20
131.77272
0
LWPOLYLINE
5
2C1
100
AcDbEntity
8
symbols
6
ByLayer
62
256
370
-1
100
AcDbPolyline
90
2
70
0
10
327.595
20
131.77272
10
327.595
20
133.77272
0
LWPOLYLINE
5
2C2
100
AcDbEntity
8
symbols
6
ByLayer
62
256
370
-1
100
AcDbPolyline
90
3
70
0
10
325.595
20
133.77272
10
325.595
20
135.77272
10
322.595
20
135.77272
0
LWPOLYLINE
5
2C3
100
AcDbEntity
8
symbols
6
ByLayer
62
256
370
-1
100
AcDbPolyline
90
3
70
0
10
329.595
20
133.77272
10
329.595
20
135.77272
10
332.595
20
135.77272
0
LWPOLYLINE
5
2C4
100
AcDbEntity
8
symbols
6
ByLayer
62
256
370
-1
100
AcDbPolyline
90
4
70
1
10
462.595
20
133.77272
10
372.595
20
133.77272
10
372.595
20
73.77272
10
462.595
20
73.77272
0
LWPOLYLINE
5
2C5
100
AcDbEntity
8
symbols
6
ByLayer
62
256
370
-1
100
AcDbPolyline
90
2
70
0
10
372.595
20
131.77272
10
462.595
20
131.77272
0
LWPOLYLINE
5
2C6
100
AcDbEntity
8
symbols
6
ByLayer
62
256
370
-1
100
AcDbPolyline
90
2
70
0
10
417.595
20
131.77272
10
417.595
20
133.77272
0
LWPOLYLINE
5
2C7
100
AcDbEntity
8
symbols
6
ByLayer
62
256
370
-1
100
AcDbPolyline
90
3
70
0
10
415.595
20
133.77272
10
415.595
20
135.77272
10
412.595
20
135.77272
0
LWPOLYLINE
5
2C8
100
AcDbEntity
8
symbols
6
ByLayer
62
256
370
-1
100
AcDbPolyline
90
3
70
0
10
419.595
20
133.77272
10
419.595
20
135.77272
10
422.595
20
135.77272
0
LWPOLYLINE
5
2C9
100
AcDbEntity
8
symbols
6
ByLayer
62
256
370
-1
100
AcDbPolyline
90
4
70
1
10
282.595
20
133.77272
10
192.595
20
133.77272
10
192.595
20
73.77272
10
282.595
20
73.77272
0
LWPOLYLINE
5
2CA
100
AcDbEntity
8
symbols
6
ByLayer
62
256
370
-1
100
AcDbPolyline
90
2
70
0
10
192.595
20
131.77272
10
282.595
20
131.77272
0
LWPOLYLINE
5
2CB
100
AcDbEntity
8
symbols
6
ByLayer
62
256
370
-1
100
AcDbPolyline
90
2
70
0
10
237.595
20
131.77272
10
237.595
20
133.77272
0
LWPOLYLINE
5
2CC
100
AcDbEntity
8
symbols
6
ByLayer
62
256
370
-1
100
AcDbPolyline
90
3
70
0
10
235.595
20
133.77272
10
235.595
20
135.77272
10
232.595
20
135.77272
0
LWPOLYLINE
5
2CD
100
AcDbEntity
8
symbols
6
ByLayer
62
256
370
-1
100
AcDbPolyline
90
3
70
0
10
239.595
20
133.77272
10
239.595
20
135.77272
10
242.595
20
135.77272
0
LWPOLYLINE
5
2CE
100
AcDbEntity
8
symbols
6
ByLayer
62
256
370
-1
100
AcDbPolyline
90
4
70
1
10
408.59501
20
226.46992
10
498.59501
20
226.46992
10
498.59501
20
286.46992
10
408.59501
20
286.46992
0
LWPOLYLINE
5
2CF
100
AcDbEntity
8
symbols
6
ByLayer
62
256
370
-1
100
AcDbPolyline
90
2
70
0
10
498.59501
20
228.46992
10
408.59501
20
228.46992
0
LWPOLYLINE
5
2D0
100
AcDbEntity
8
symbols
6
ByLayer
62
256
370
-1
100
AcDbPolyline
90
2
70
0
10
453.59501
20
228.46992
10
453.59501
20
226.46992
0
LWPOLYLINE
5
2D1
100
AcDbEntity
8
symbols
6
ByLayer
62
256
370
-1
100
AcDbPolyline
90
3
70
0
10
455.59501
20
226.46992
10
455.59501
20
224.46992
10
458.59501
20
224.46992
0
LWPOLYLINE
5
2D2
100
AcDbEntity
8
symbols
6
ByLayer
62
256
370
-1
100
AcDbPolyline
90
3
70
0
10
451.59501
20
226.46992
10
451.59501
20
224.46992
10
448.59501
20
224.46992
0
LWPOLYLINE
5
2D3
100
AcDbEntity
8
symbols
6
ByLayer
62
256
370
-1
100
AcDbPolyline
90
4
70
1
10
303.59501
20
226.46992
10
348.59501
20
226.46992
10
348.59501
20
286.46992
10
303.59501
20
286.46992
0
LWPOLYLINE
5
2D4
100
AcDbEntity
8
symbols
6
ByLayer
62
256
370
-1
100
AcDbPolyline
90
2
70
0
10
348.59501
20
228.46992
10
303.59501
20
228.46992
0
LWPOLYLINE
5
2D5
100
AcDbEntity
8
symbols
6
ByLayer
62
256
370
-1
100
AcDbPolyline
90
3
70
0
10
305.59501
20
226.46992
10
305.59501
20
224.46992
10
308.59501
20
224.46992
0
LWPOLYLINE
5
2D6
100
AcDbEntity
8
symbols
6
ByLayer
62
256
370
-1
100
AcDbPolyline
90
4
70
1
10
614.31479
20
772.94294
10
549.31479
20
772.94294
10
549.31479
20
726.972
10
614.31479
20
726.972
0
LWPOLYLINE
5
2D7
100
AcDbEntity
8
symbols
6
ByLayer
62
256
370
-1
100
AcDbPolyline
90
2
70
0
10
549.31479
20
770.94294
10
614.31479
20
770.94294
0
LWPOLYLINE
5
2D8
100
AcDbEntity
8
symbols
6
ByLayer
62
256
370
-1
100
AcDbPolyline
90
2
70
0
10
581.81479
20
770.94294
10
581.81479
20
772.94294
0
LWPOLYLINE
5
2D9
100
AcDbEntity
8
symbols
6
ByLayer
62
256
370
-1
100
AcDbPolyline
90
3
70
0
10
579.81479
20
772.94294
10
579.81479
20
774.94294
10
576.81479
20
774.94294
0
LWPOLYLINE
5
2DA
100
AcDbEntity
8
symbols
6
ByLayer
62
256
370
-1
100
AcDbPolyline
90
3
70
0
10
583.81479
20
772.94294
10
583.81479
20
774.94294
10
586.81479
20
774.94294
0
LWPOLYLINE
5
2DB
100
AcDbEntity
8
symbols
6
ByLayer
62
256
370
-1
100
AcDbPolyline
90
5
70
0
10
1160.48125
20
885.25065
10
1234.29693
20
885.25065
10
1234.29693
20
971.25065
10
1160.48125
20
971.25065
10
1160.48125
20
885.25065
0
LWPOLYLINE
5
2DC
100
AcDbEntity
8
symbols
6
ByLayer
62
256
370
-1
100
AcDbPolyline
90
5
70
0
10
1160.48125
20
753.577515
10
1200.97059
20
753.577515
10
1200.97059
20
840.327945
10
1160.48125
20
840.327945
10
1160.48125
20
753.577515
0
LWPOLYLINE
5
2DD
100
AcDbEntity
8
symbols
6
ByLayer
62
256
370
-1
100
AcDbPolyline
90
1
70
0
10
1253.02928
20
435.64932
0
LWPOLYLINE
5
2DE
100
AcDbEntity
8
symbols
6
ByLayer
62
256
370
-1
100
AcDbPolyline
90
4
70
1
10
1354.7269
20
426.113255
10
1354.7269
20
445.185385
10
1253.02928
20
445.185385
10
1253.02928
20
426.113255
0
LWPOLYLINE
5
2DF
100
AcDbEntity
8
symbols
6
ByLayer
62
256
370
-1
100
AcDbPolyline
90
1
70
0
10
1345.19083
20
764.257525
0
LWPOLYLINE
5
2E0
100
AcDbEntity
8
symbols
6
ByLayer
62
256
370
-1
100
AcDbPolyline
90
4
70
1
10
1335.654765
20
445.185395
10
1354.726895
20
445.185395
10
1354.726895
20
764.257525
10
1335.654765
20
764.257525
0
LWPOLYLINE
5
2E1
100
AcDbEntity
8
symbols
6
ByLayer
62
256
370
-1
100
AcDbPolyline
90
1
70
0
10
1253.02928
20
754.72146
0
LWPOLYLINE
5
2E2
100
AcDbEntity
8
symbols
6
ByLayer
62
256
370
-1
100
AcDbPolyline
90
4
70
1
10
1335.65476
20
745.185395
10
1335.65476
20
764.257525
10
1253.02928
20
764.257525
10
1253.02928
20
745.185395
0
LWPOLYLINE
5
2E3
100
AcDbEntity
8
symbols
6
ByLayer
62
256
370
-1
100
AcDbPolyline
90
43
70
1
10
378.32533
20
528.21823
10
377.7638839
20
520.74632338
10
376.09215446
20
513.44221967
10
373.34768512
20
506.46995329
10
369.59211075
20
499.98610633
10
364.90977344
20
494.136292
10
359.40582841
20
489.05188452
10
353.20388239
20
484.84706872
10
346.44321772
20
481.6162757
10
339.27566435
20
479.43206211
10
331.86219008
20
478.34348067
10
324.36928556
20
478.37497858
10
316.96522527
20
479.52584846
10
309.81628843
20
481.77024425
10
303.08302477
20
485.05776167
10
296.91664886
20
489.31457016
10
291.45564422
20
494.44507097
10
286.82265324
20
500.33404413
10
283.1217229
20
506.84923599
10
280.43596812
20
513.84432938
10
278.82570517
20
521.1622296
10
278.32709708
20
528.63859237
10
278.9513415
20
536.10551471
10
280.68441927
20
543.39530564
10
283.48740918
20
550.34425216
10
287.29736213
20
556.79629594
10
292.02871479
20
562.60653796
10
297.57521117
20
567.64449272
10
303.81228893
20
571.79701862
10
310.59987675
20
574.97085888
10
317.78554003
20
577.09473588
10
325.20790427
20
578.12095194
10
332.70027917
20
578.02646044
10
340.09440215
20
576.81338347
10
347.22421714
20
574.50896412
10
353.92960386
20
571.16495467
10
360.0599738
20
566.85645438
10
365.47765205
20
561.68022286
10
370.06096924
20
555.75250713
10
373.70699395
20
549.20643089
10
376.33384433
20
542.18900491
10
377.88252698
20
534.85782544
10
378.32533
20
528.21823
0
LINE
5
2E4
100
AcDbEntity
8
symbols
6
ByLayer
62
256
370
-1
100
AcDbLine
10
811.15408
20
1115.58442
11
859.2077
21
1115.58442
0
LINE
5
2E5
100
AcDbEntity
8
symbols
6
ByLayer
62
256
370
-1
100
AcDbLine
10
811.15408
20
1099.07442
11
859.2077
21
1099.07442
0
LINE
5
2E6
100
AcDbEntity
8
symbols
6
ByLayer
62
256
370
-1
100
AcDbLine
10
859.2077
20
1102.32942
11
811.15408
21
1102.32942
0
LINE
5
2E7
100
AcDbEntity
8
symbols
6
ByLayer
62
256
370
-1
100
AcDbLine
10
859.2077
20
1112.32942
11
811.15408
21
1112.32942
0
LINE
5
2E8
100
AcDbEntity
8
symbols
6
ByLayer
62
256
370
-1
100
AcDbLine
10
849.2077
20
1112.32942
11
849.2077
21
1102.32942
0
LINE
5
2E9
100
AcDbEntity
8
symbols
6
ByLayer
62
256
370
-1
100
AcDbLine
10
821.15408
20
1112.32942
11
821.15408
21
1102.32942
0
LINE
5
2EA
100
AcDbEntity
8
symbols
6
ByLayer
62
256
370
-1
100
AcDbLine
10
849.2077
20
1107.32942
11
821.15408
21
1107.32942
0
LWPOLYLINE
5
2EB
100
AcDbEntity
8
symbols
6
ByLayer
62
256
370
-1
100
AcDbPolyline
90
2
70
0
10
713.2077
20
1104.86942
10
627.2077
20
1104.86942
0
LWPOLYLINE
5
2EC
100
AcDbEntity
8
symbols
6
ByLayer
62
256
370
-1
100
AcDbPolyline
90
3
70
0
10
627.2077
20
1114.86942
10
632.2077
20
1114.86942
10
632.2077
20
1104.86942
0
LWPOLYLINE
5
2ED
100
AcDbEntity
8
symbols
6
ByLayer
62
256
370
-1
100
AcDbPolyline
90
14
70
0
10
713.2077
20
1114.86942
10
708.2077
20
1114.86942
10
708.2077
20
1104.86942
10
708.2077
20
1028.86942
10
695.88010524
20
1029.86413169
10
684.18582186
20
1032.74395047
10
673.28132432
20
1037.35240185
10
663.32308709
20
1043.5330114
10
654.46758463
20
1051.12930463
10
646.8712914
20
1059.98480709
10
640.69068185
20
1069.94304432
10
636.08223047
20
1080.84754186
10
633.20241169
20
1092.54182524
10
632.2077
20
1104.86942
0
LINE
5
2EE
100
AcDbEntity
8
symbols
6
ByLayer
62
256
370
-1
100
AcDbLine
10
703.2077
20
1104.86942
11
703.2077
21
1029.03407204
0
LINE
5
2EF
100
AcDbEntity
8
symbols
6
ByLayer
62
256
370
-1
100
AcDbLine
10
859.2077
20
1396.43836446
11
811.15407908
21
1396.43836446
0
LINE
5
2F0
100
AcDbEntity
8
symbols
6
ByLayer
62
256
370
-1
100
AcDbLine
10
859.2077
20
1412.94836446
11
811.15407908
21
1412.94836446
0
LINE
5
2F1
100
AcDbEntity
8
symbols
6
ByLayer
62
256
370
-1
100
AcDbLine
10
811.15407908
20
1409.69336446
11
859.2077
21
1409.69336446
0
LINE
5
2F2
100
AcDbEntity
8
symbols
6
ByLayer
62
256
370
-1
100
AcDbLine
10
811.15407908
20
1399.69336446
11
859.2077
21
1399.69336446
0
LINE
5
2F3
100
AcDbEntity
8
symbols
6
ByLayer
62
256
370
-1
100
AcDbLine
10
821.15407908
20
1399.69336446
11
821.15407908
21
1409.69336446
0
LINE
5
2F4
100
AcDbEntity
8
symbols
6
ByLayer
62
256
370
-1
100
AcDbLine
10
849.2077
20
1399.69336446
11
849.2077
21
1409.69336446
0
LINE
5
2F5
100
AcDbEntity
8
symbols
6
ByLayer
62
256
370
-1
100
AcDbLine
10
821.15407908
20
1404.69336446
11
849.2077
21
1404.69336446
0
LINE
5
2F6
100
AcDbEntity
8
symbols
6
ByLayer
62
256
370
-1
100
AcDbLine
10
859.2077
20
1116.28360446
11
859.2077
21
1396.43836446
0
LINE
5
2F7
100
AcDbEntity
8
symbols
6
ByLayer
62
256
370
-1
100
AcDbLine
10
875.7177
20
1116.28360446
11
875.7177
21
1396.43836446
0
LINE
5
2F8
100
AcDbEntity
8
symbols
6
ByLayer
62
256
370
-1
100
AcDbLine
10
872.4627
20
1396.43836446
11
872.4627
21
1116.28360446
0
LINE
5
2F9
100
AcDbEntity
8
symbols
6
ByLayer
62
256
370
-1
100
AcDbLine
10
862.4627
20
1396.43836446
11
862.4627
21
1116.28360446
0
LINE
5
2FA
100
AcDbEntity
8
symbols
6
ByLayer
62
256
370
-1
100
AcDbLine
10
862.4627
20
1386.43836446
11
872.4627
21
1386.43836446
0
LINE
5
2FB
100
AcDbEntity
8
symbols
6
ByLayer
62
256
370
-1
100
AcDbLine
10
862.4627
20
1126.28360446
11
872.4627
21
1126.28360446
0
LINE
5
2FC
100
AcDbEntity
8
symbols
6
ByLayer
62
256
370
-1
100
AcDbLine
10
867.4627
20
1386.43836446
11
867.4627
21
1126.28360446
0
TEXT
5
2FD
100
AcDbEntity
8
text
6
ByLayer
62
256
370
-1
100
AcDbText
10
618.43879
20
1315.03135
30
0
40
14
1
10.1 m2
50
0
41
0.9
7
standard
72
1
11
662.53879
21
1315.03135
31
0
100
AcDbText
0
TEXT
5
2FE
100
AcDbEntity
8
text
6
ByLayer
62
256
370
-1
100
AcDbText
10
606.73879
20
1353.58603
30
0
40
14
1
Office Dolf
50
0
41
0.9
7
standard
72
1
11
676.03879
21
1353.58603
31
0
100
AcDbText
0
LWPOLYLINE
5
2FF
100
AcDbEntity
8
symbols
6
ByLayer
62
256
370
-1
100
AcDbPolyline
90
2
70
0
10
404.42489
20
836.02391
10
404.42489
20
745.42343
0
LWPOLYLINE
5
300
100
AcDbEntity
8
symbols
6
ByLayer
62
256
370
-1
100
AcDbPolyline
90
3
70
0
10
414.42489
20
745.42343
10
414.42489
20
750.42343
10
404.42489
20
750.42343
0
LWPOLYLINE
5
301
100
AcDbEntity
8
symbols
6
ByLayer
62
256
370
-1
100
AcDbPolyline
90
14
70
0
10
414.42489
20
836.02391
10
414.42489
20
831.02391
10
404.42489
20
831.02391
10
323.82441
20
831.02391
10
324.87933421
20
817.95009349
10
327.93347599
20
805.54792436
10
332.82088907
20
793.98334889
10
339.37562717
20
783.42231336
10
347.43174403
20
774.03076403
10
356.82329336
20
765.97464717
10
367.38432889
20
759.41990907
10
378.94890436
20
754.53249599
10
391.35107349
20
751.47835421
10
404.42489
20
750.42343
0
LINE
5
302
100
AcDbEntity
8
symbols
6
ByLayer
62
256
370
-1
100
AcDbLine
10
404.42489
20
826.02391
11
323.97964542
21
826.02391
0
LINE
5
303
100
AcDbEntity
8
symbols
6
ByLayer
62
256
370
-1
100
AcDbLine
10
73.70999
20
538.59514
11
125.53816
21
538.59514
0
LINE
5
304
100
AcDbEntity
8
symbols
6
ByLayer
62
256
370
-1
100
AcDbLine
10
73.70999
20
522.08514
11
125.53816
21
522.08514
0
LINE
5
305
100
AcDbEntity
8
symbols
6
ByLayer
62
256
370
-1
100
AcDbLine
10
125.53816
20
525.34014
11
73.70999
21
525.34014
0
LINE
5
306
100
AcDbEntity
8
symbols
6
ByLayer
62
256
370
-1
100
AcDbLine
10
125.53816
20
535.34014
11
73.70999
21
535.34014
0
LINE
5
307
100
AcDbEntity
8
symbols
6
ByLayer
62
256
370
-1
100
AcDbLine
10
115.53816
20
535.34014
11
115.53816
21
525.34014
0
LINE
5
308
100
AcDbEntity
8
symbols
6
ByLayer
62
256
370
-1
100
AcDbLine
10
83.70999
20
535.34014
11
83.70999
21
525.34014
0
LINE
5
309
100
AcDbEntity
8
symbols
6
ByLayer
62
256
370
-1
100
AcDbLine
10
115.53816
20
530.34014
11
83.70999
21
530.34014
0
LINE
5
30A
100
AcDbEntity
8
symbols
6
ByLayer
62
256
370
-1
100
AcDbLine
10
73.70999
20
838.58624
11
73.70999
21
538.59514
0
LINE
5
30B
100
AcDbEntity
8
symbols
6
ByLayer
62
256
370
-1
100
AcDbLine
10
57.19999
20
838.58624
11
57.19999
21
538.59514
0
LINE
5
30C
100
AcDbEntity
8
symbols
6
ByLayer
62
256
370
-1
100
AcDbLine
10
60.45499
20
538.59514
11
60.45499
21
838.58624
0
LINE
5
30D
100
AcDbEntity
8
symbols
6
ByLayer
62
256
370
-1
100
AcDbLine
10
70.45499
20
538.59514
11
70.45499
21
838.58624
0
LINE
5
30E
100
AcDbEntity
8
symbols
6
ByLayer
62
256
370
-1
100
AcDbLine
10
70.45499
20
548.59514
11
60.45499
21
548.59514
0
LINE
5
30F
100
AcDbEntity
8
symbols
6
ByLayer
62
256
370
-1
100
AcDbLine
10
70.45499
20
828.58624
11
60.45499
21
828.58624
0
LINE
5
310
100
AcDbEntity
8
symbols
6
ByLayer
62
256
370
-1
100
AcDbLine
10
65.45499
20
548.59514
11
65.45499
21
828.58624
0
LINE
5
311
100
AcDbEntity
8
symbols
6
ByLayer
62
256
370
-1
100
AcDbLine
10
121.44697
20
838.58624
11
73.70999
21
838.58624
0
LINE
5
312
100
AcDbEntity
8
symbols
6
ByLayer
62
256
370
-1
100
AcDbLine
10
121.44697
20
855.09624
11
73.70999
21
855.09624
0
LINE
5
313
100
AcDbEntity
8
symbols
6
ByLayer
62
256
370
-1
100
AcDbLine
10
73.70999
20
851.84124
11
121.44697
21
851.84124
0
LINE
5
314
100
AcDbEntity
8
symbols
6
ByLayer
62
256
370
-1
100
AcDbLine
10
73.70999
20
841.84124
11
121.44697
21
841.84124
0
LINE
5
315
100
AcDbEntity
8
symbols
6
ByLayer
62
256
370
-1
100
AcDbLine
10
83.70999
20
841.84124
11
83.70999
21
851.84124
0
LINE
5
316
100
AcDbEntity
8
symbols
6
ByLayer
62
256
370
-1
100
AcDbLine
10
111.44697
20
841.84124
11
111.44697
21
851.84124
0
LINE
5
317
100
AcDbEntity
8
symbols
6
ByLayer
62
256
370
-1
100
AcDbLine
10
83.70999
20
846.84124
11
111.44697
21
846.84124
0
TEXT
5
318
100
AcDbEntity
8
text
6
ByLayer
62
256
370
-1
100
AcDbText
10
180.15954
20
789.88925
30
0
40
14
1
9.84 m2
50
0
41
0.9
7
standard
72
1
11
224.25954
21
789.88925
31
0
100
AcDbText
0
TEXT
5
319
100
AcDbEntity
8
text
6
ByLayer
62
256
370
-1
100
AcDbText
10
142.35954
20
809.1666
30
0
40
14
1
Guest Bedroom
50
0
41
0.9
7
standard
72
1
11
224.25954
21
809.1666
31
0
100
AcDbText
0
LINE
5
31A
100
AcDbEntity
8
symbols
6
ByLayer
62
256
370
-1
100
AcDbLine
10
86.70987751
20
1115.58442023
11
131.03756751
21
1115.58442023
0
LINE
5
31B
100
AcDbEntity
8
symbols
6
ByLayer
62
256
370
-1
100
AcDbLine
10
86.70987751
20
1105.58442023
11
131.03756751
21
1105.58442023
0
LINE
5
31C
100
AcDbEntity
8
symbols
6
ByLayer
62
256
370
-1
100
AcDbLine
10
131.03756751
20
1105.58442023
11
86.70987751
21
1105.58442023
0
LINE
5
31D
100
AcDbEntity
8
symbols
6
ByLayer
62
256
370
-1
100
AcDbLine
10
131.03756751
20
1115.58442023
11
86.70987751
21
1115.58442023
0
LINE
5
31E
100
AcDbEntity
8
symbols
6
ByLayer
62
256
370
-1
100
AcDbLine
10
121.03756751
20
1115.58442023
11
121.03756751
21
1105.58442023
0
LINE
5
31F
100
AcDbEntity
8
symbols
6
ByLayer
62
256
370
-1
100
AcDbLine
10
96.70987751
20
1115.58442023
11
96.70987751
21
1105.58442023
0
LINE
5
320
100
AcDbEntity
8
symbols
6
ByLayer
62
256
370
-1
100
AcDbLine
10
121.03756751
20
1110.58442023
11
96.70987751
21
1110.58442023
0
LINE
5
321
100
AcDbEntity
8
symbols
6
ByLayer
62
256
370
-1
100
AcDbLine
10
86.70978
20
1456.58442023
11
86.70978
21
1115.58442023
0
LINE
5
322
100
AcDbEntity
8
symbols
6
ByLayer
62
256
370
-1
100
AcDbLine
10
70.19978
20
1456.58442023
11
70.19978
21
1115.58442023
0
LINE
5
323
100
AcDbEntity
8
symbols
6
ByLayer
62
256
370
-1
100
AcDbLine
10
73.45478
20
1115.58442023
11
73.45478
21
1456.58442023
0
LINE
5
324
100
AcDbEntity
8
symbols
6
ByLayer
62
256
370
-1
100
AcDbLine
10
83.45478
20
1115.58442023
11
83.45478
21
1456.58442023
0
LINE
5
325
100
AcDbEntity
8
symbols
6
ByLayer
62
256
370
-1
100
AcDbLine
10
83.45478
20
1125.58442023
11
73.45478
21
1125.58442023
0
LINE
5
326
100
AcDbEntity
8
symbols
6
ByLayer
62
256
370
-1
100
AcDbLine
10
83.45478
20
1446.58442023
11
73.45478
21
1446.58442023
0
LINE
5
327
100
AcDbEntity
8
symbols
6
ByLayer
62
256
370
-1
100
AcDbLine
10
78.45478
20
1125.58442023
11
78.45478
21
1446.58442023
0
LINE
5
328
100
AcDbEntity
8
symbols
6
ByLayer
62
256
370
-1
100
AcDbLine
10
140.70968
20
1456.58442023
11
86.70988
21
1456.58442023
0
LINE
5
329
100
AcDbEntity
8
symbols
6
ByLayer
62
256
370
-1
100
AcDbLine
10
140.70968
20
1473.09442023
11
86.70988
21
1473.09442023
0
LINE
5
32A
100
AcDbEntity
8
symbols
6
ByLayer
62
256
370
-1
100
AcDbLine
10
86.70988
20
1469.83942023
11
140.70968
21
1469.83942023
0
LINE
5
32B
100
AcDbEntity
8
symbols
6
ByLayer
62
256
370
-1
100
AcDbLine
10
86.70988
20
1459.83942023
11
140.70968
21
1459.83942023
0
LINE
5
32C
100
AcDbEntity
8
symbols
6
ByLayer
62
256
370
-1
100
AcDbLine
10
96.70988
20
1459.83942023
11
96.70988
21
1469.83942023
0
LINE
5
32D
100
AcDbEntity
8
symbols
6
ByLayer
62
256
370
-1
100
AcDbLine
10
130.70968
20
1459.83942023
11
130.70968
21
1469.83942023
0
LINE
5
32E
100
AcDbEntity
8
symbols
6
ByLayer
62
256
370
-1
100
AcDbLine
10
96.70988
20
1464.83942023
11
130.70968
21
1464.83942023
0
TEXT
5
32F
100
AcDbEntity
8
text
6
ByLayer
62
256
370
-1
100
AcDbText
10
153.24518876
20
1132.41885012
30
0
40
14
1
10.23 m2
50
0
41
0.9
7
standard
72
1
11
203.64518876
21
1132.41885012
31
0
100
AcDbText
0
TEXT
5
330
100
AcDbEntity
8
text
6
ByLayer
62
256
370
-1
100
AcDbText
10
126.94518876
20
1151.69619012
30
0
40
14
1
Master Bedroom
50
0
41
0.9
7
standard
72
1
11
215.14518876
21
1151.69619012
31
0
100
AcDbText
0
TEXT
5
331
100
AcDbEntity
8
text
6
ByLayer
62
256
370
-1
100
AcDbText
10
1214.6269
20
588.18539
30
0
40
14
1
5.76 m2
50
0
41
0.9
7
standard
72
1
11
1258.7269
21
588.18539
31
0
100
AcDbText
0
LINE
5
332
100
AcDbEntity
8
symbols
6
ByLayer
62
256
370
-1
100
AcDbLine
10
1157.0119
20
443.59126
11
1157.0119
21
743.28513
0
LINE
5
333
100
AcDbEntity
8
symbols
6
ByLayer
62
256
370
-1
100
AcDbLine
10
1162.0119
20
443.59126
11
1162.0119
21
608.4228885
0
LINE
5
334
100
AcDbEntity
8
symbols
6
ByLayer
62
256
370
-1
100
AcDbLine
10
1162.0119
20
608.4228885
11
1157.0119
21
608.4228885
0
LINE
5
335
100
AcDbEntity
8
symbols
6
ByLayer
62
256
370
-1
100
AcDbLine
10
1152.0119
20
578.4535015
11
1152.0119
21
743.28513
0
LINE
5
336
100
AcDbEntity
8
symbols
6
ByLayer
62
256
370
-1
100
AcDbLine
10
1152.0119
20
578.4535015
11
1157.0119
21
578.4535015
0
LWPOLYLINE
5
337
100
AcDbEntity
8
symbols
6
ByLayer
62
256
370
-1
100
AcDbPolyline
90
2
70
0
10
734.92642895
20
207.99565
10
640.92642895
20
207.99565
0
LWPOLYLINE
5
338
100
AcDbEntity
8
symbols
6
ByLayer
62
256
370
-1
100
AcDbPolyline
90
3
70
0
10
640.92642895
20
197.99565
10
645.92642895
20
197.99565
10
645.92642895
20
207.99565
0
LWPOLYLINE
5
339
100
AcDbEntity
8
symbols
6
ByLayer
62
256
370
-1
100
AcDbPolyline
90
14
70
0
10
734.92642895
20
197.99565
10
729.92642895
20
197.99565
10
729.92642895
20
207.99565
10
729.92642895
20
291.99565
10
716.30119263
20
290.89623181
10
703.37593206
20
287.71327422
10
691.32359268
20
282.61972269
10
680.31711995
20
275.78852267
10
670.52945933
20
267.39261962
10
662.13355628
20
257.604959
10
655.30235626
20
246.59848627
10
650.20880473
20
234.54614689
10
647.02584714
20
221.62088631
10
645.92642895
20
207.99565
0
LINE
5
33A
100
AcDbEntity
8
symbols
6
ByLayer
62
256
370
-1
100
AcDbLine
10
724.92642895
20
207.99565
11
724.92642895
21
291.84670843
0
LINE
5
33B
100
AcDbEntity
8
symbols
6
ByLayer
62
256
370
-1
100
AcDbLine
10
147.595
20
272.53605346
11
147.595
21
152.53605346
0
LINE
5
33C
100
AcDbEntity
8
symbols
6
ByLayer
62
256
370
-1
100
AcDbLine
10
131.085
20
272.53605346
11
131.085
21
152.53605346
0
LINE
5
33D
100
AcDbEntity
8
symbols
6
ByLayer
62
256
370
-1
100
AcDbLine
10
134.34
20
152.53605346
11
134.34
21
272.53605346
0
LINE
5
33E
100
AcDbEntity
8
symbols
6
ByLayer
62
256
370
-1
100
AcDbLine
10
144.34
20
152.53605346
11
144.34
21
272.53605346
0
LINE
5
33F
100
AcDbEntity
8
symbols
6
ByLayer
62
256
370
-1
100
AcDbLine
10
144.34
20
162.53605346
11
134.34
21
162.53605346
0
LINE
5
340
100
AcDbEntity
8
symbols
6
ByLayer
62
256
370
-1
100
AcDbLine
10
144.34
20
262.53605346
11
134.34
21
262.53605346
0
LINE
5
341
100
AcDbEntity
8
symbols
6
ByLayer
62
256
370
-1
100
AcDbLine
10
139.34
20
162.53605346
11
139.34
21
262.53605346
0
LINE
5
342
100
AcDbEntity
8
symbols
6
ByLayer
62
256
370
-1
100
AcDbLine
10
147.595
20
467.56590756
11
147.595
21
378.01571756
0
LINE
5
343
100
AcDbEntity
8
symbols
6
ByLayer
62
256
370
-1
100
AcDbLine
10
131.085
20
467.56590756
11
131.085
21
378.01571756
0
LINE
5
344
100
AcDbEntity
8
symbols
6
ByLayer
62
256
370
-1
100
AcDbLine
10
134.34
20
378.01571756
11
134.34
21
467.56590756
0
LINE
5
345
100
AcDbEntity
8
symbols
6
ByLayer
62
256
370
-1
100
AcDbLine
10
144.34
20
378.01571756
11
144.34
21
467.56590756
0
LINE
5
346
100
AcDbEntity
8
symbols
6
ByLayer
62
256
370
-1
100
AcDbLine
10
144.34
20
388.01571756
11
134.34
21
388.01571756
0
LINE
5
347
100
AcDbEntity
8
symbols
6
ByLayer
62
256
370
-1
100
AcDbLine
10
144.34
20
457.56590756
11
134.34
21
457.56590756
0
LINE
5
348
100
AcDbEntity
8
symbols
6
ByLayer
62
256
370
-1
100
AcDbLine
10
139.34
20
388.01571756
11
139.34
21
457.56590756
0
LWPOLYLINE
5
349
100
AcDbEntity
8
symbols
6
ByLayer
62
256
370
-1
100
AcDbPolyline
90
2
70
0
10
403.92482376
20
1116.8694114
10
403.92482376
20
1206.5920214
0
LWPOLYLINE
5
34A
100
AcDbEntity
8
symbols
6
ByLayer
62
256
370
-1
100
AcDbPolyline
90
3
70
0
10
413.92482376
20
1206.5920214
10
413.92482376
20
1201.5920214
10
403.92482376
20
1201.5920214
0
LWPOLYLINE
5
34B
100
AcDbEntity
8
symbols
6
ByLayer
62
256
370
-1
100
AcDbPolyline
90
14
70
0
10
413.92482376
20
1116.8694114
10
413.92482376
20
1121.8694114
10
403.92482376
20
1121.8694114
10
324.20221376
20
1121.8694114
10
325.24564813
20
1134.80083284
10
328.26652535
20
1147.06792222
10
333.10070657
20
1158.5065407
10
339.58405294
20
1168.95254942
10
347.55242561
20
1178.24180954
10
356.84168573
20
1186.21018222
10
367.28769446
20
1192.69352859
10
378.72631294
20
1197.52770981
10
390.99340232
20
1200.54858703
10
403.92482376
20
1201.5920214
0
LINE
5
34C
100
AcDbEntity
8
symbols
6
ByLayer
62
256
370
-1
100
AcDbLine
10
403.92482376
20
1126.8694114
11
324.35916191
21
1126.8694114
0
LWPOLYLINE
5
34D
100
AcDbEntity
8
symbols
6
ByLayer
62
256
370
-1
100
AcDbPolyline
90
2
70
0
10
535.33317791
20
1205.39459
10
535.33317791
20
1120.39459
0
LWPOLYLINE
5
34E
100
AcDbEntity
8
symbols
6
ByLayer
62
256
370
-1
100
AcDbPolyline
90
3
70
0
10
525.33317791
20
1120.39459
10
525.33317791
20
1125.39459
10
535.33317791
20
1125.39459
0
LWPOLYLINE
5
34F
100
AcDbEntity
8
symbols
6
ByLayer
62
256
370
-1
100
AcDbPolyline
90
14
70
0
10
525.33317791
20
1205.39459
10
525.33317791
20
1200.39459
10
535.33317791
20
1200.39459
10
610.33317791
20
1200.39459
10
609.35155453
20
1188.22920043
10
606.50962811
20
1176.6887892
10
601.96181424
20
1165.9277719
10
595.86252851
20
1156.10056411
10
588.3661865
20
1147.36158141
10
579.62720381
20
1139.8652394
10
569.79999601
20
1133.76595367
10
559.03897871
20
1129.2181398
10
547.49856748
20
1126.37621338
10
535.33317791
20
1125.39459
0
LINE
5
350
100
AcDbEntity
8
symbols
6
ByLayer
62
256
370
-1
100
AcDbLine
10
535.33317791
20
1195.39459
11
610.16632565
21
1195.39459
0
LWPOLYLINE
5
351
100
AcDbEntity
8
symbols
6
ByLayer
62
256
370
-1
100
AcDbPolyline
90
2
70
0
10
535.33317791
20
879.45988
10
535.33317791
20
789.45988
0
LWPOLYLINE
5
352
100
AcDbEntity
8
symbols
6
ByLayer
62
256
370
-1
100
AcDbPolyline
90
3
70
0
10
525.33317791
20
789.45988
10
525.33317791
20
794.45988
10
535.33317791
20
794.45988
0
LWPOLYLINE
5
353
100
AcDbEntity
8
symbols
6
ByLayer
62
256
370
-1
100
AcDbPolyline
90
14
70
0
10
525.33317791
20
879.45988
10
525.33317791
20
874.45988
10
535.33317791
20
874.45988
10
615.33317791
20
874.45988
10
614.28611297
20
861.48346446
10
611.25472479
20
849.17369249
10
606.40372333
20
837.69527403
10
599.89781855
20
827.21291905
10
591.90172041
20
817.89133751
10
582.58013887
20
809.89523936
10
572.09778389
20
803.38933458
10
560.61936543
20
798.53833312
10
548.30959345
20
795.50694494
10
535.33317791
20
794.45988
0
LINE
5
354
100
AcDbEntity
8
symbols
6
ByLayer
62
256
370
-1
100
AcDbLine
10
535.33317791
20
869.45988
11
615.17677503
21
869.45988
0
LINE
5
355
100
AcDbEntity
8
symbols
6
ByLayer
62
256
370
-1
100
AcDbLine
10
530.60475
20
269.20494
11
530.60475
21
94.3732
0
LINE
5
356
100
AcDbEntity
8
symbols
6
ByLayer
62
256
370
-1
100
AcDbLine
10
534.60475
20
269.20494
11
534.60475
21
173.047483
0
LINE
5
357
100
AcDbEntity
8
symbols
6
ByLayer
62
256
370
-1
100
AcDbLine
10
534.60475
20
173.047483
11
530.60475
21
173.047483
0
LINE
5
358
100
AcDbEntity
8
symbols
6
ByLayer
62
256
370
-1
100
AcDbLine
10
526.60475
20
190.530657
11
526.60475
21
94.3732
0
LINE
5
359
100
AcDbEntity
8
symbols
6
ByLayer
62
256
370
-1
100
AcDbLine
10
526.60475
20
190.530657
11
530.60475
21
190.530657
0
TEXT
5
35A
100
AcDbEntity
8
text
6
ByLayer
62
256
370
-1
100
AcDbText
10
752.71291421
20
871.95692173
30
0
40
14
1
74.82 m2
50
0
41
0.9
7
standard
72
1
11
803.11291421
21
871.95692173
31
0
100
AcDbText
0
TEXT
5
35B
100
AcDbEntity
8
text
6
ByLayer
62
256
370
-1
100
AcDbText
10
618.43878597
20
796.27321395
30
0
40
14
1
3.64 m2
50
0
41
0.9
7
standard
72
1
11
662.53878597
21
796.27321395
31
0
100
AcDbText
0
TEXT
5
35C
100
AcDbEntity
8
text
6
ByLayer
62
256
370
-1
100
AcDbText
10
618.43878597
20
1002.04843939
30
0
40
14
1
4.48 m2
50
0
41
0.9
7
standard
72
1
11
662.53878597
21
1002.04843939
31
0
100
AcDbText
0
ENDSEC
0
SECTION
2
OBJECTS
0
DICTIONARY
5
C
330
0
100
AcDbDictionary
281
1
3
ACAD_GROUP
350
D
0
DICTIONARY
5
D
330
C
100
AcDbDictionary
281
1
0
ENDSEC
0
EOF
